DefaultSPUId,DefaultGenusId,A,B,a_nonmerch,b_nonmerch,k_nonmerch,cap_nonmerch,a_sap,b_sap,k_sap,cap_sap,a1,a2,a3,b1,b2,b3,c1,c2,c3,min_volume,max_volume,low_stemwood_prop,high_stemwood_prop,low_stembark_prop,high_stembark_prop,low_branches_prop,high_branches_prop,low_foliage_prop,high_foliage_prop
1,1,0.82803,0.8874,10.0977,-0.79596,0.82111,5.2264,0.35,-1.2107,0.99933,1.01224,-1.51764,-0.0001632,-0.06254,-0.45753,-0.0001502,-0.164,0.73909,-0.00077,-0.36568,0.177,347.42,0.35352,0.64071,0.06993,0.09197,0.17084,0.14709,0.40571,0.12024
1,3,0.76516,0.88423,10.521,-0.7341,0.74082,5.3591,1.671,-1.44118,0.99769,1.02808,-1.76822,0.0001923,0.0083,-0.75827,0.0001945,-0.1164,0.91714,-0.000226,-0.41637,0.312,332.58,0.35625,0.60598,0.06164,0.11569,0.13742,0.15379,0.44469,0.12454
1,8,0.84615,0.87163,10.4807,-0.76681,0.78388,5.3567,0,0,1,1,-1.59039,0.0004206,-0.04664,-0.57277,0.0001466,-0.15263,0.82967,-0.000496,-0.38992,0.177,347.42,0.35273,0.61808,0.0666,0.11092,0.15478,0.14984,0.42589,0.12116
1,10,1.06467,0.87171,5.855,-0.35893,0,4.1513,0.285,-0.97536,0.99441,1.02325,-1.64494,7.04e-05,-0.01577,-0.74249,0.0031867,-0.16444,-0.87363,0.000616,-0.19333,0.743,123.13,0.54244,0.59745,0.10186,0.10776,0.19412,0.18952,0.16157,0.10528
1,13,1.37682,0.82513,2.4717,-0.10956,0,2.4096,0,0,1,1,-1.60609,0.0001927,-0.02441,-0.66134,0.0025143,-0.14025,0.38131,0.001084,-0.41923,0.537,260.64,0.43216,0.54779,0.08318,0.10086,0.1757,0.24888,0.30896,0.10247
3,1,0.74274,0.91303,10.0977,-0.79596,0.82111,5.2264,0.35,-1.2107,0.99933,1.01224,-1.32061,-4.63E-05,-0.09497,-0.60153,-0.0009856,-0.10349,0.42605,-0.001504,-0.31552,0.199,243.75,0.38459,0.63051,0.0878,0.09857,0.17766,0.15352,0.34996,0.11739
3,3,0.81312,0.87771,7.8908,-0.48014,0,6.3948,1.671,-1.44118,0.99769,1.02808,-1.48073,0.0002364,-0.05648,-0.73259,0.001152,-0.12206,0.68052,-0.001583,-0.3667,0.649,268.06,0.3786,0.59818,0.07811,0.1056,0.14742,0.19743,0.39587,0.09878
3,8,0.75119,0.90449,7.2241,-0.46283,0,6.1299,0,0,1,1,-1.36585,7.03e-05,-0.08434,-0.60697,-0.0002703,-0.11763,0.56243,-0.001445,-0.34534,0.592,268.06,0.37974,0.62668,0.0838,0.10152,0.169,0.16421,0.36746,0.10759
3,10,1.06467,0.87171,5.855,-0.35893,0,4.1513,0.285,-0.97536,0.99441,1.02325,-1.64494,7.04e-05,-0.01577,-0.74249,0.0031867,-0.16444,-0.87363,0.000616,-0.19333,0.743,123.13,0.54244,0.59745,0.10186,0.10776,0.19412,0.18952,0.16157,0.10528
3,13,1.37682,0.82513,2.4717,-0.10956,0,2.4096,0,0,1,1,-1.60609,0.0001927,-0.02441,-0.66134,0.0025143,-0.14025,0.38131,0.001084,-0.41923,0.537,260.64,0.43216,0.54779,0.08318,0.10086,0.1757,0.24888,0.30896,0.10247
4,1,0.82803,0.8874,10.0977,-0.79596,0.82111,5.2264,0.35,-1.2107,0.99933,1.01224,-1.51764,-0.0001632,-0.06254,-0.45753,-0.0001502,-0.164,0.73909,-0.00077,-0.36568,0.177,347.42,0.35352,0.64071,0.06993,0.09197,0.17084,0.14709,0.40571,0.12024
4,3,0.76516,0.88423,10.521,-0.7341,0.74082,5.3591,1.671,-1.44118,0.99769,1.02808,-1.76822,0.0001923,0.0083,-0.75827,0.0001945,-0.1164,0.91714,-0.000226,-0.41637,0.312,332.58,0.35625,0.60598,0.06164,0.11569,0.13742,0.15379,0.44469,0.12454
4,8,0.84615,0.87163,10.4807,-0.76681,0.78388,5.3567,0,0,1,1,-1.59039,0.0004206,-0.04664,-0.57277,0.0001466,-0.15263,0.82967,-0.000496,-0.38992,0.177,347.42,0.35273,0.61808,0.0666,0.11092,0.15478,0.14984,0.42589,0.12116
4,10,1.06467,0.87171,5.855,-0.35893,0,4.1513,0.285,-0.97536,0.99441,1.02325,-1.64494,7.04e-05,-0.01577,-0.74249,0.0031867,-0.16444,-0.87363,0.000616,-0.19333,0.743,123.13,0.54244,0.59745,0.10186,0.10776,0.19412,0.18952,0.16157,0.10528
4,13,1.37682,0.82513,2.4717,-0.10956,0,2.4096,0,0,1,1,-1.60609,0.0001927,-0.02441,-0.66134,0.0025143,-0.14025,0.38131,0.001084,-0.41923,0.537,260.64,0.43216,0.54779,0.08318,0.10086,0.1757,0.24888,0.30896,0.10247
5,1,0.46612,0.98423,6.3376,-0.96963,0.94595,2.6882,0,0,1,1,-1.58276,-0.0004361,-0.04016,0.56846,0.0013618,-0.41835,0.03935,0.000377,-0.41426,0.218,694.41,0.38437,0.66682,0.07388,0.07778,0.34009,0.19566,0.20167,0.05975
5,2,0.59819,0.91997,6.8726,-1.14279,0.98005,3.7668,0,0,1,1,-1.50879,-0.0001556,-0.05148,0.47272,0.0009157,-0.32846,-0.08819,0.000671,-0.39858,0.2,827.38,0.38292,0.61621,0.0778,0.08477,0.35753,0.23166,0.18176,0.06737
5,3,0.39721,1.02235,18.8755,-0.99697,0.87301,5.1566,0,0,1,1,-1.02048,0.0001076,-0.13251,0.69523,0.0013488,-0.39004,0.04284,-0.000122,-0.38898,0.136,508.22,0.34467,0.62428,0.10001,0.10394,0.36495,0.21771,0.19036,0.05407
5,4,0.62054,0.942,100,-2.23209,1.00752,1.0181,0,0,1,1,-1.0311,0.0001827,-0.15361,-0.52355,0.000252,-0.14671,-0.97805,0.000231,-0.22893,2.632,1061.85,0.51616,0.65611,0.13478,0.09734,0.2271,0.18262,0.12196,0.06392
5,6,0.4598,0.99516,14.743,-1.0799,0.9127,3.8067,0,0,1,1,-2.03473,-0.001144,0.03263,-0.68012,-0.0032702,-0.00649,-1.24421,-0.001392,-0.1876,0.672,350.27,0.54174,0.7576,0.07488,0.08035,0.27075,0.1175,0.11262,0.04455
5,7,0.48259,0.94872,4.695,-0.35084,0,1.902,0,0,1,1,0.03082,0.0019831,-0.40421,2.62257,0.0035381,-0.86966,2.02319,-0.001372,-0.64154,37.444,263.22,0.40055,0.62609,0.09779,0.11353,0.24183,0.16908,0.25983,0.0913
5,8,0.51769,0.95311,5.4317,-0.87278,0.93305,2.7531,0,0,1,1,-1.37852,-0.0002833,-0.07308,0.66309,0.0011636,-0.4132,0.02152,0.000177,-0.38042,0.136,1061.85,0.36245,0.63558,0.08102,0.07121,0.3578,0.23797,0.19872,0.05523
5,9,0.46018,1.00503,10.5506,-0.68295,0.6479,4.546,0,0,1,1,-1.10872,-0.000336,-0.07683,-1.24138,-3.80E-05,-0.01811,-2.1116,-0.000333,-0.12419,0.323,532.21,0.59921,0.68054,0.17387,0.11586,0.16799,0.17199,0.05892,0.03162
5,10,0.47996,1.04962,28.0736,-1.08083,0.87654,3.6618,0,0,1,1,-1.33108,0.0004005,-0.10022,0.24172,0.0012314,-0.23479,-1.68313,-0.000606,-0.17238,0.139,574.22,0.44811,0.55571,0.10048,0.09767,0.38863,0.32228,0.06278,0.02434
5,11,0.57376,1.00659,62.7808,-1.53446,0.9814,3.8239,0,0,1,1,-0.90669,0.0005002,-0.20744,-0.44096,0.0002716,-0.13922,-1.74146,-0.000339,-0.18432,0.186,566.04,0.51864,0.66727,0.14888,0.09586,0.26537,0.2069,0.06711,0.02997
5,12,0.4596,1.06025,20.5125,-0.94943,0.79683,5.7138,0,0,1,1,-1.07048,-0.0004306,-0.17344,-1.02771,-7.47E-05,0.0152,-1.98413,-0.001335,-0.10936,0.292,652.11,0.57527,0.67182,0.14771,0.05645,0.21112,0.2527,0.0659,0.01903
5,13,0.62334,1.00408,34.9904,-1.26013,0.9581,4.6099,0,0,1,1,-1.06008,0.0003532,-0.17214,-0.27151,0.0005985,-0.16298,-2.00553,-0.000188,-0.18345,0.139,652.11,0.51418,0.63689,0.1344,0.09093,0.30018,0.24913,0.05125,0.02306
6,1,0.54205,0.95926,6.3376,-0.96963,0.94595,2.6882,0,0,1,1,-1.25592,-7.37E-05,-0.12877,0.63824,0.0019226,-0.44043,1.7897,0.001799,-0.75068,0.35,353.65,0.26071,0.64645,0.05983,0.0841,0.23596,0.18107,0.44351,0.08837
6,2,0.68534,0.90325,6.8726,-1.14279,0.98005,3.7668,0,0,1,1,-1.39756,-0.0011456,-0.0551,-1.81374,-0.00232,0.13899,-0.92392,-0.002357,-0.14076,0.334,643.48,0.5733,0.82787,0.12918,0.06854,0.11787,0.0746,0.17966,0.02899
6,3,0.49751,0.99523,18.8755,-0.99697,0.87301,5.1566,0,0,1,1,-0.08254,0.0007479,-0.32955,-0.95874,1.6e-06,-0.06249,0.78129,-0.001257,-0.493,4.5,324.12,0.40179,0.6561,0.17677,0.11397,0.13382,0.17519,0.28762,0.05474
6,4,0.42618,1.0114,100,-2.23209,1.00752,1.0181,0,0,1,1,-1.0311,0.0001827,-0.15361,-0.52355,0.000252,-0.14671,-0.97805,0.000231,-0.22893,2.632,1061.85,0.51616,0.65611,0.13478,0.09734,0.2271,0.18262,0.12196,0.06392
6,6,0.99737,0.85785,14.743,-1.0799,0.9127,3.8067,0,0,1,1,-0.84113,0.0009756,-0.27945,-0.03091,0.0021202,-0.36371,0.89458,0.004079,-0.80086,1.956,315.35,0.4437,0.69625,0.11149,0.08145,0.21335,0.16158,0.23146,0.06072
6,7,0.48259,0.94872,4.695,-0.35084,0,1.902,0,0,1,1,0.03082,0.0019831,-0.40421,2.62257,0.0035381,-0.86966,2.02319,-0.001372,-0.64154,37.444,263.22,0.40055,0.62609,0.09779,0.11353,0.24183,0.16908,0.25983,0.0913
6,8,0.69629,0.90747,5.4317,-0.87278,0.93305,2.7531,0,0,1,1,-1.57902,-0.0017031,-0.00279,-0.28979,-0.0002893,-0.1984,0.75879,-0.000681,-0.46723,0.334,643.48,0.36783,0.76539,0.07544,0.0518,0.19748,0.13161,0.35925,0.0512
6,9,0.65741,0.93909,10.5506,-0.68295,0.6479,4.546,0,0,1,1,-0.24451,0.0016588,-0.31012,-2.51216,-0.0008075,0.25812,-1.2198,0.000509,-0.26345,6.805,472.97,0.59684,0.62526,0.21984,0.15837,0.09103,0.17013,0.09229,0.04623
6,10,0.68571,0.96981,28.0736,-1.08083,0.87654,3.6618,0,0,1,1,-0.43932,0.0014028,-0.31298,1.0073,0.0023417,-0.48237,2.29843,0.005182,-1.09025,4.236,294.65,0.31532,0.62356,0.10194,0.10197,0.2984,0.21745,0.28434,0.05702
6,11,0.40853,1.07039,62.7808,-1.53446,0.9814,3.8239,0,0,1,1,0.24137,0.001753,-0.46251,-0.72926,-0.0001529,-0.06884,-0.61928,-0.002352,-0.30304,3.618,279.05,0.46156,0.65967,0.21836,0.10043,0.19182,0.20664,0.12827,0.03326
6,12,0.50748,1.03306,20.5125,-0.94943,0.79683,5.7138,0,0,1,1,-0.79049,0.0002472,-0.24248,0.63303,-4.61E-06,-0.31386,-0.44714,-0.010293,-0.01917,0.874,310.62,0.33463,0.68789,0.09883,0.08347,0.36154,0.21254,0.20499,0.0161
6,13,0.58052,0.95246,38.2599,-1.56537,0.99841,4.5071,0,0,1,1,0.06418,0.0027884,-0.46071,0.12598,0.0007449,-0.25783,0.81034,-0.000667,-0.63383,0.874,472.97,0.34206,0.62735,0.16173,0.14578,0.24595,0.20625,0.25027,0.02061
7,1,0.65052,0.90986,8.6586,-1.16793,1.00054,2.5737,7.363,-1.49647,0.99759,1.19993,-1.29465,0.0018363,-0.14005,-0.37614,0.000585,-0.12019,0.14091,-0.000638,-0.32725,0.237,315.23,0.40822,0.56398,0.08874,0.12289,0.2297,0.23274,0.27334,0.08039
7,2,0.87154,0.89651,16.7337,-1.23534,0.96234,2.7086,0,0,1,1,-1.87078,-7.05E-05,-0.06574,-1.38202,0.0006155,0.0414,-1.41498,0.000677,-0.14078,0.379,608.22,0.62544,0.58088,0.08623,0.0562,0.1684,0.27661,0.11993,0.08631
7,3,0.40716,1.01048,8.0107,-0.82745,0.87297,3.2947,24.796,-1.61466,1.01583,1.364,-0.90111,0.000538,-0.15313,-1.62306,0.0006139,0.10889,-0.41038,0.001477,-0.31578,0.182,1001.15,0.51376,0.42668,0.1622,0.10301,0.12126,0.33045,0.20278,0.13986
7,6,0.52267,0.96653,23.9191,-0.70358,0,7.8628,0,0,1,1,-1.33624,-7.31E-06,-0.15692,0.23535,0.0045772,-0.38911,-1.02243,0.000452,-0.2744,2.281,197.3,0.50204,0.62454,0.09663,0.07125,0.29648,0.24699,0.10485,0.05721
7,7,0.78527,0.84482,3.5537,-0.89381,0.96509,3.9226,100,-2.57753,1.00079,1.04076,-1.41101,-0.0004143,-0.04484,-0.3104,6.86e-05,-0.15368,-0.79717,0.001663,-0.23755,1.702,385.42,0.48573,0.5998,0.1087,0.09542,0.26587,0.18048,0.13969,0.1243
7,8,0.76485,0.87642,9.0846,-1.08455,0.95745,2.7292,0,0,1,1,-1.36126,0.0005622,-0.09908,-0.84414,0.0001964,-0.03071,-0.26089,7.2e-05,-0.2688,0.182,608.22,0.47134,0.5773,0.10266,0.11028,0.19266,0.22965,0.23334,0.08277
7,9,0.28206,1.11656,22.1827,-1.0505,0.87161,4.8123,58.249,-1.62025,1.00206,1.32346,-0.91513,0.0003582,-0.13677,-2.6866,-0.0007285,0.32691,-1.63927,-0.00037,-0.1857,0.512,1013.4,0.63393,0.63557,0.20105,0.1419,0.07541,0.1991,0.08961,0.02343
7,10,0.46755,1.04677,38.0701,-1.22926,0.90016,4.4389,100,-1.57965,0.96234,1.40813,-1.38922,2.92e-05,-0.05824,-2.01273,-0.0005496,0.27694,-1.24422,0.00029,-0.25367,0.277,1083.78,0.61462,0.57178,0.13906,0.0979,0.13016,0.29206,0.11615,0.03826
7,11,0.60393,0.99274,26.1467,-1.32369,0.97202,3.5604,100,-1.87745,0.98561,1.31514,-1.10336,2.63e-05,-0.087,0.40745,0.0005701,-0.23828,-0.78158,0.001176,-0.39028,0.602,1024.66,0.39736,0.5542,0.11348,0.1033,0.39626,0.28606,0.0929,0.05645
7,12,1.16684,0.88086,8.6763,-1.04224,0.95874,1.2475,100,-1.87745,0.98561,1.31514,-2.51143,-0.0005833,0.14104,-0.381,0.0005509,-0.06529,-2.40058,-0.002835,0.02591,5.12,225.13,0.55678,0.57123,0.06244,0.08754,0.32795,0.30974,0.05283,0.03149
7,13,0.5403,1.02118,34.5934,-1.28335,0.95413,4.0995,100,-1.87745,0.98561,1.31514,-1.34356,2.58e-05,-0.04558,-0.97808,-0.0002549,0.05316,-0.90173,0.00084,-0.40168,0.277,1083.78,0.53742,0.59896,0.12998,0.11685,0.22075,0.2478,0.11185,0.0364
11,1,0.89153,0.86085,7.3773,-0.9069,0.9118,2.4654,0,0,1,1,-1.80128,5.25e-05,-0.03052,-0.94945,-0.0001942,-0.09155,-1.28288,-0.001323,-0.09864,0.24,501.73,0.57977,0.70628,0.091,0.09899,0.19277,0.14018,0.13646,0.05456
11,2,0.9227,0.85691,10.5419,-1.10104,0.95911,5.5649,0,0,1,1,-2.24022,-0.0003797,0.05278,-0.5436,0.0014981,-0.26423,-2.06074,-0.000481,-0.06321,1.27,454.22,0.62944,0.70408,0.07378,0.08716,0.22544,0.15984,0.07134,0.04892
11,3,1.06015,0.82846,7.4908,-0.8042,0.84616,2.6716,0,0,1,1,-1.51465,4.61e-05,-0.05214,-1.56456,-0.0004649,0.03433,-1.6844,-0.000217,-0.09623,0.3,395.45,0.63248,0.67874,0.12749,0.1112,0.14008,0.14512,0.09995,0.06494
11,4,1.21321,0.83214,1.8742,-0.12269,0,1.6905,0,0,1,1,-1.77282,1.66e-05,-0.02582,-1.02704,0.0003959,-0.08152,-1.61665,0.000334,-0.16349,3.7,421.96,0.62467,0.67137,0.10035,0.09821,0.18779,0.1734,0.08719,0.05702
11,6,0.98981,0.84936,4.6172,-0.50391,0.58381,2.5344,0,0,1,1,-1.88817,-0.0001534,-0.03821,-0.85657,0.0015556,-0.23864,-2.85962,-0.002222,0.10823,2.11,328.31,0.67675,0.74406,0.095,0.08577,0.18053,0.13163,0.04772,0.03854
11,7,0.8936,0.83203,6.1383,-0.83401,0.89986,2.6043,0,0,1,1,-1.61021,-7.73E-06,-0.04528,-1.36468,-0.0003238,-0.02822,-1.55766,7.8e-05,-0.10655,0.43,543.3,0.62324,0.6939,0.11537,0.10378,0.15177,0.12443,0.10962,0.07789
11,8,0.98036,0.82877,6.4684,-0.80231,0.86785,2.6746,0,0,1,1,-1.84901,-0.0003634,0.01485,-1.07498,-0.0001929,-0.08465,-1.12968,-0.000406,-0.15836,0.24,543.3,0.586,0.70543,0.09452,0.10009,0.17383,0.12713,0.14565,0.06736
11,9,1.00033,0.83529,17.3589,-1.11634,0.9448,3.5649,0,0,1,1,-1.3608,0.0001299,-0.05881,-1.77352,7.26e-05,0.07091,-2.75892,-0.001195,0.02639,0.43,552.84,0.67124,0.66432,0.15585,0.1262,0.12846,0.1838,0.04445,0.02569
11,10,1.07259,0.87056,10.5609,-1.03465,0.95057,2.4107,0,0,1,1,-1.78565,-0.000254,-0.01316,-1.24117,0.0004374,0.00471,-2.51999,-0.001998,0.01144,0.33,416.76,0.65047,0.65203,0.10669,0.09083,0.18953,0.23268,0.05331,0.02445
11,11,0.73964,0.96686,9.8678,-1.05731,0.96981,2.2549,0,0,1,1,-1.53638,0.0003581,-0.11258,-1.36005,-0.0010769,0.05662,-2.30141,-0.002153,-0.08574,0.27,637.21,0.64636,0.75104,0.11535,0.09805,0.1822,0.13995,0.05608,0.01096
11,12,1.1813,0.87503,26.0581,-1.28915,0.97996,2.2275,0,0,1,1,-2.25246,-0.0007354,0.02667,-2.04027,-0.0012465,0.19988,-1.70938,-0.002484,-0.21174,0.34,386.17,0.70504,0.72607,0.07749,0.06738,0.12805,0.19232,0.08942,0.01423
11,13,1.09126,0.87747,12.9014,-1.09937,0.96569,2.5045,0,0,1,1,-1.53309,0.0004838,-0.10021,-1.51436,-0.0010555,0.09021,-2.16807,-0.001592,-0.13189,0.27,637.21,0.65357,0.72857,0.11945,0.11199,0.16696,0.14655,0.06002,0.01289
12,1,0.97767,0.85915,14.3187,-1.10845,0.94598,3.0706,0,0,1,1,-1.78887,-0.0001784,-0.02176,-1.1854,0.001093,-0.12718,-0.45509,0.000717,-0.35473,0.35,342.15,0.56877,0.68902,0.09166,0.0954,0.14049,0.14546,0.19908,0.07012
12,2,1.00805,0.84008,13.9011,-1.24874,1.0135,2.6358,0,0,1,1,-1.70125,7.47e-05,-0.03892,-1.92985,-0.0002898,0.08783,-1.21045,0.000391,-0.23575,2.66,544.47,0.65501,0.69072,0.11043,0.10268,0.11362,0.14904,0.12094,0.05756
12,3,0.90552,0.86962,6.4486,-0.66579,0.72693,2.8553,0,0,1,1,-1.63703,-4.62E-05,-0.03708,-1.47443,0.0006221,-0.03396,-1.1971,-0.000277,-0.17452,0.42,301.24,0.61583,0.67348,0.11253,0.10451,0.13314,0.15309,0.13849,0.06892
12,4,1.07579,0.84146,5.175,-0.45715,0.41741,4.0226,0,0,1,1,-1.45191,0.0004431,-0.09132,-1.36902,-0.000232,0.00728,-1.57557,-5.60E-05,-0.1463,1.76,460.5,0.62073,0.67341,0.12215,0.11034,0.16003,0.16097,0.09709,0.05527
12,6,0.99649,0.87269,9.6933,-0.84931,0.84254,3.2708,0,0,1,1,-2.04126,-0.0011173,0.01031,-2.53003,-0.0021682,0.18733,-1.83019,0.000427,-0.12705,2.17,263.76,0.72894,0.75823,0.09637,0.07769,0.08359,0.09722,0.09111,0.06687
12,7,1.07078,0.81759,6.2839,-0.77233,0.85907,2.5503,0,0,1,1,-1.75157,0.0001138,-0.04732,-1.58686,-0.0006475,0.04425,-1.20468,0.00094,-0.21408,0.43,376.37,0.62919,0.68264,0.10077,0.09332,0.13868,0.14237,0.13136,0.08167
12,8,0.96358,0.84637,8.4289,-0.88761,0.90756,3.132,0,0,1,1,-1.59961,0.0003825,-0.07311,-1.48365,0.0006139,-0.04852,-1.08538,-0.000539,-0.17303,0.35,544.47,0.60958,0.67813,0.10893,0.10635,0.12748,0.15819,0.15401,0.05733
12,9,1.01405,0.84974,14.9589,-1.05743,0.95532,3.0007,0,0,1,1,-1.78621,-0.0005828,0.04281,-1.73943,0.0001132,0.01099,-2.7669,-0.000685,-0.01259,0.88,390.17,0.70362,0.70766,0.12715,0.12204,0.12601,0.13871,0.04323,0.03159
12,10,1.38909,0.81038,11.1178,-0.92369,0.88203,2.4905,0,0,1,1,-1.75414,-0.000326,-0.0182,-2.6148,8.85e-05,0.25788,-4.73107,-0.003946,0.51884,0.44,308.29,0.7679,0.65636,0.12884,0.09253,0.08698,0.2173,0.01628,0.03382
12,11,0.91868,0.90309,15.6253,-1.11424,0.96479,2.5504,0,0,1,1,-1.79353,-0.0008069,-0.01448,-1.47798,0.0004943,0.02049,-2.7186,-0.002878,0.04065,0.48,594.07,0.68069,0.6858,0.11045,0.0644,0.16081,0.23919,0.04805,0.01061
12,12,1.38341,0.82265,25.1394,-1.39055,1.00839,2.1369,0,0,1,1,-1.5049,-0.0004696,-0.08295,-2.14884,1.42e-05,0.17736,-2.52586,-0.00178,-0.05728,1.87,425.24,0.70195,0.67548,0.13272,0.07428,0.11522,0.23234,0.05011,0.01791
12,13,0.95795,0.89434,14.9295,-1.09124,0.96228,2.5203,0,0,1,1,-1.66669,-0.0008911,-0.02896,-2.00085,0.0001276,0.13249,-2.73902,-0.002214,-0.0061,0.44,594.07,0.70776,0.68989,0.12723,0.06377,0.11979,0.23482,0.04523,0.01151
13,1,0.96149,0.86726,6.6606,-0.82395,0.87508,2.3408,0,0,1,1,-1.72163,-0.0001848,-0.02105,-1.23944,-1.02E-05,-0.09248,-0.95776,-0.000878,-0.13897,0.24,275.4,0.57943,0.68491,0.10003,0.10335,0.14394,0.11742,0.1766,0.09431
13,2,0.6693,0.97134,4.8891,-0.85842,1.07075,2.712,0,0,1,1,-1.28338,0.0028036,-0.25412,-0.37104,0.0053032,-0.46567,-0.31653,0.007336,-0.57181,0.93,132.21,0.57321,0.72951,0.10131,0.08385,0.17351,0.10258,0.15197,0.08406
13,3,1.04407,0.833,11.9357,-0.95322,0.88778,2.4146,0,0,1,1,-1.68863,0.0002014,-0.02388,-1.56658,0.0003914,-0.01797,-1.13937,-0.000574,-0.14043,0.28,411.81,0.61218,0.66569,0.10871,0.11571,0.12404,0.14649,0.15506,0.07211
13,7,0.909,0.84108,2.3651,-0.41461,0.68885,1.8173,0,0,1,1,-1.90106,-0.0002236,0.00674,-1.50461,4.51e-05,0.01838,-1.18608,0.000465,-0.18453,0.44,498.37,0.62355,0.65955,0.09423,0.09193,0.14287,0.16796,0.13935,0.08056
13,8,1.01805,0.85546,5.8451,-0.74302,0.82185,2.3544,0,0,1,1,-1.48982,0.0008329,-0.11016,-1.03143,0.0009308,-0.16934,-0.72347,0.000872,-0.24868,0.24,275.4,0.56224,0.67494,0.10562,0.10285,0.15145,0.11971,0.18069,0.10249
13,9,1.02115,0.84163,13.0114,-1.0724,0.95665,2.5225,0,0,1,1,-1.41617,0.0001734,-0.05252,-1.57953,-8.08E-05,-0.02379,-1.91479,-0.001448,-0.11888,0.32,620.18,0.64891,0.72006,0.14423,0.13874,0.12851,0.12109,0.07836,0.02011
13,13,1.27211,0.82777,13.1353,-1.12674,0.97217,2.1927,0,0,1,1,-1.45192,0.0003892,-0.09604,-2.25498,-0.0011334,0.22496,-1.90142,-0.001735,-0.15536,0.28,620.18,0.68153,0.71412,0.13601,0.11468,0.10389,0.15782,0.07857,0.01337
14,1,0.89342,0.84625,7.778,-1.0055,0.9632,2.4178,0,0,1,1,-1.69756,-0.0004413,-0.01629,-1.11363,-0.0007713,-0.05521,-0.94761,-0.001812,-0.07405,0.24,147.47,0.54926,0.63105,0.0979,0.09977,0.16457,0.14012,0.18827,0.12906
14,8,0.89342,0.84625,7.778,-1.0055,0.9632,2.4178,0,0,1,1,-1.69756,-0.0004413,-0.01629,-1.11363,-0.0007713,-0.05521,-0.94761,-0.001812,-0.07405,0.24,247.27,0.54926,0.66031,0.0979,0.09908,0.16457,0.13203,0.18827,0.10858
14,13,1.27211,0.82777,13.1353,-1.12674,0.97217,2.1927,0,0,1,1,-1.45192,0.0003892,-0.09604,-2.25498,-0.0011334,0.22496,-1.90142,-0.001735,-0.15536,0.28,620.18,0.68153,0.71412,0.13601,0.11468,0.10389,0.15782,0.07857,0.01337
15,1,1.23029,0.80597,10.9979,-1.01516,0.93494,2.3249,0,0,1,1,-1.799,-7.27E-05,-0.02482,-1.3666,0.0004806,-0.09609,-0.86975,-0.000287,-0.21146,0.24,444.78,0.59827,0.70694,0.095,0.09732,0.13011,0.1241,0.17661,0.07164
15,2,1.37829,0.77967,9.3764,-1.04082,0.9728,2.0917,0,0,1,1,-2.10812,0.0005903,-0.02211,-1.7302,0.000977,-0.05046,-1.4477,-0.000111,-0.17773,0.25,835.86,0.68716,0.65715,0.08047,0.11265,0.11205,0.18764,0.12032,0.04256
15,3,1.04407,0.833,11.9357,-0.95322,0.88778,2.4146,0,0,1,1,-1.68863,0.0002014,-0.02388,-1.56658,0.0003914,-0.01797,-1.13937,-0.000574,-0.14043,0.28,411.81,0.61218,0.66569,0.10871,0.11571,0.12404,0.14649,0.15506,0.07211
15,4,1.13149,0.8359,4.1476,-0.76046,0.92501,2.034,0,0,1,1,-1.38032,0.0004551,-0.10155,-1.61275,-0.0003346,0.06642,-1.20107,0.000366,-0.25811,2.43,577.77,0.62019,0.66935,0.12738,0.11469,0.14113,0.16787,0.1113,0.04809
15,6,1.10177,0.83494,11.4145,-1.08262,0.99561,2.3292,0,0,1,1,-1.86554,0.0001958,-0.06568,-1.38585,0.0007411,-0.10448,-1.60278,-0.000991,-0.11724,0.32,263.16,0.66039,0.73372,0.09161,0.08283,0.13874,0.12435,0.10926,0.0591
15,7,0.909,0.84108,2.3651,-0.41461,0.68885,1.8173,0,0,1,1,-1.90106,-0.0002236,0.00674,-1.50461,4.51e-05,0.01838,-1.18608,0.000465,-0.18453,0.44,498.37,0.62355,0.65955,0.09423,0.09193,0.14287,0.16796,0.13935,0.08056
15,8,1.27288,0.79342,11.7138,-1.0521,0.95771,2.3222,0,0,1,1,-1.85912,-0.0001829,-0.01005,-1.31976,0.000925,-0.11767,-1.22183,-0.001118,-0.10972,0.24,835.86,0.61774,0.69331,0.09466,0.08664,0.13586,0.18172,0.15175,0.03832
15,9,1.02115,0.84163,13.0114,-1.0724,0.95665,2.5225,0,0,1,1,-1.41617,0.0001734,-0.05252,-1.57953,-8.08E-05,-0.02379,-1.91479,-0.001448,-0.11888,0.32,620.18,0.64891,0.72006,0.14423,0.13874,0.12851,0.12109,0.07836,0.02011
15,10,1.19492,0.8309,11.6049,-1.07344,0.9533,2.1658,0,0,1,1,-1.86635,-0.0003583,0.01475,-1.43544,0.0015429,-0.02359,-1.93015,-0.001368,-0.09356,0.36,425.88,0.66163,0.62928,0.1049,0.09139,0.15145,0.25042,0.08202,0.02891
15,11,1.05341,0.8798,8.2093,-0.9376,0.94411,2.1757,0,0,1,1,-1.84543,-0.0005793,-0.01429,-1.51825,0.0001825,0.05744,-1.9691,-0.002027,-0.14232,0.44,509.09,0.66435,0.67928,0.1024,0.07307,0.16044,0.23375,0.0728,0.0139
15,12,1.51188,0.8097,22.6137,-1.274,0.98144,1.996,0,0,1,1,-1.90715,-0.0006828,-0.01519,-2.55804,-0.0010482,0.29661,-1.46093,-0.000591,-0.30459,0.28,496.33,0.70854,0.70751,0.10257,0.06812,0.08987,0.20594,0.09902,0.01843
15,13,1.27211,0.82777,13.1353,-1.12674,0.97217,2.1927,0,0,1,1,-1.45192,0.0003892,-0.09604,-2.25498,-0.0011334,0.22496,-1.90142,-0.001735,-0.15536,0.28,620.18,0.68153,0.71412,0.13601,0.11468,0.10389,0.15782,0.07857,0.01337
16,1,0.75107,0.91973,7.2188,-0.9262,0.93165,2.5307,0,0,1,1,-1.49293,0.0002543,-0.1,-1.05175,-0.0003263,-0.16582,-0.02308,-0.001261,-0.35972,0.187,375.34,0.50078,0.75545,0.09546,0.1031,0.13314,0.08718,0.27062,0.05427
16,2,1.25884,0.81625,14.5198,-1.14485,0.96469,3.1279,0,0,1,1,-1.49191,0.000804,-0.18124,-1.00069,0.0013393,-0.26023,-0.46774,0.000689,-0.41078,0.229,789.03,0.58026,0.72359,0.09673,0.09152,0.13874,0.13465,0.18427,0.05025
16,3,0.56921,0.95279,3.5103,-0.58251,0.76747,3.2691,0,0,1,1,-1.5612,0.0007084,-0.0606,-0.84563,-0.0001811,-0.18717,0.52121,-0.000556,-0.49458,0.322,235.17,0.4464,0.70247,0.08468,0.12494,0.14014,0.10359,0.32878,0.069
16,4,1.04997,0.86168,0,-0.5,1,1,0,0,1,1,-1.38032,0.0004551,-0.10155,-1.61275,-0.0003346,0.06642,-1.20107,0.000366,-0.25811,2.43,577.77,0.62019,0.66935,0.12738,0.11469,0.14113,0.16787,0.1113,0.04809
16,6,1.10177,0.83494,11.4145,-1.08262,0.99561,2.3292,0,0,1,1,-1.86554,0.0001958,-0.06568,-1.38585,0.0007411,-0.10448,-1.60278,-0.000991,-0.11724,0.32,263.16,0.66039,0.73372,0.09161,0.08283,0.13874,0.12435,0.10926,0.0591
16,7,0.60591,0.90517,0.2274,-3.23568,1.02863,2.1716,0,0,1,1,-1.82056,-0.0002542,-0.01124,-0.41164,-0.000162,-0.18653,-0.2312,-0.000224,-0.30036,1.813,552.36,0.48373,0.7031,0.07663,0.09215,0.22401,0.13096,0.21563,0.07378
16,8,1.16983,0.82829,10.2846,-1.07204,0.96557,2.8347,0,0,1,1,-1.35903,0.0003799,-0.17083,-0.77134,0.0012207,-0.28648,0.01825,0.000103,-0.44448,0.187,789.03,0.50696,0.74267,0.09832,0.0823,0.14631,0.13285,0.2484,0.04219
16,9,0.63722,0.9323,16.2162,-1.13314,0.94007,4.0398,0,0,1,1,-1.38694,0.0001328,-0.05426,-1.21612,-5.21E-05,-0.11878,-0.43648,-0.001629,-0.39941,0.302,571.15,0.55459,0.74281,0.12657,0.14181,0.13482,0.10044,0.18401,0.01495
16,10,0.894,0.90083,3.4021,-0.60029,0.80228,2.226,0,0,1,1,-1.71561,-0.0002471,-0.01004,-1.55621,-0.000416,0.00594,-0.44906,0.000496,-0.43673,0.298,299.6,0.58891,0.70858,0.10415,0.11175,0.12544,0.13651,0.18149,0.04317
16,11,1.09035,0.88922,1.0503,-0.00645,0,1.0356,0,0,1,1,-1.84543,-0.0005793,-0.01429,-1.51825,0.0001825,0.05744,-1.9691,-0.002027,-0.14232,0.44,509.09,0.66435,0.67928,0.1024,0.07307,0.16044,0.23375,0.0728,0.0139
16,12,1.51188,0.8097,22.6137,-1.274,0.98144,1.996,0,0,1,1,-1.90715,-0.0006828,-0.01519,-2.55804,-0.0010482,0.29661,-1.46093,-0.000591,-0.30459,0.28,496.33,0.70854,0.70751,0.10257,0.06812,0.08987,0.20594,0.09902,0.01843
16,13,1.01227,0.85338,8.435,-0.9326,0.91563,3.812,0,0,1,1,-1.48192,0.000342,-0.04878,-1.23425,-0.0007836,-0.0667,-0.45135,-0.001044,-0.45535,0.298,571.15,0.56568,0.7442,0.1185,0.15075,0.14728,0.09061,0.16854,0.01445
17,1,0.97767,0.85915,14.3187,-1.10845,0.94598,3.0706,0,0,1,1,-1.78887,-0.0001784,-0.02176,-1.1854,0.001093,-0.12718,-0.45509,0.000717,-0.35473,0.35,342.15,0.56877,0.68902,0.09166,0.0954,0.14049,0.14546,0.19908,0.07012
17,2,1.00805,0.84008,13.9011,-1.24874,1.0135,2.6358,0,0,1,1,-1.70125,7.47e-05,-0.03892,-1.92985,-0.0002898,0.08783,-1.21045,0.000391,-0.23575,2.66,544.47,0.65501,0.69072,0.11043,0.10268,0.11362,0.14904,0.12094,0.05756
17,3,0.90552,0.86962,6.4486,-0.66579,0.72693,2.8553,0,0,1,1,-1.63703,-4.62E-05,-0.03708,-1.47443,0.0006221,-0.03396,-1.1971,-0.000277,-0.17452,0.42,301.24,0.61583,0.67348,0.11253,0.10451,0.13314,0.15309,0.13849,0.06892
17,4,1.07579,0.84146,5.175,-0.45715,0.41741,4.0226,0,0,1,1,-1.45191,0.0004431,-0.09132,-1.36902,-0.000232,0.00728,-1.57557,-5.60E-05,-0.1463,1.76,460.5,0.62073,0.67341,0.12215,0.11034,0.16003,0.16097,0.09709,0.05527
17,6,0.99649,0.87269,9.6933,-0.84931,0.84254,3.2708,0,0,1,1,-2.04126,-0.0011173,0.01031,-2.53003,-0.0021682,0.18733,-1.83019,0.000427,-0.12705,2.17,263.76,0.72894,0.75823,0.09637,0.07769,0.08359,0.09722,0.09111,0.06687
17,7,1.07078,0.81759,6.2839,-0.77233,0.85907,2.5503,0,0,1,1,-1.75157,0.0001138,-0.04732,-1.58686,-0.0006475,0.04425,-1.20468,0.00094,-0.21408,0.43,376.37,0.62919,0.68264,0.10077,0.09332,0.13868,0.14237,0.13136,0.08167
17,8,0.96358,0.84637,8.4289,-0.88761,0.90756,3.132,0,0,1,1,-1.59961,0.0003825,-0.07311,-1.48365,0.0006139,-0.04852,-1.08538,-0.000539,-0.17303,0.35,544.47,0.60958,0.67813,0.10893,0.10635,0.12748,0.15819,0.15401,0.05733
17,9,1.01405,0.84974,14.9589,-1.05743,0.95532,3.0007,0,0,1,1,-1.78621,-0.0005828,0.04281,-1.73943,0.0001132,0.01099,-2.7669,-0.000685,-0.01259,0.88,390.17,0.70362,0.70766,0.12715,0.12204,0.12601,0.13871,0.04323,0.03159
17,10,1.38909,0.81038,11.1178,-0.92369,0.88203,2.4905,0,0,1,1,-1.75414,-0.000326,-0.0182,-2.6148,8.85e-05,0.25788,-4.73107,-0.003946,0.51884,0.44,308.29,0.7679,0.65636,0.12884,0.09253,0.08698,0.2173,0.01628,0.03382
17,11,0.91868,0.90309,15.6253,-1.11424,0.96479,2.5504,0,0,1,1,-1.79353,-0.0008069,-0.01448,-1.47798,0.0004943,0.02049,-2.7186,-0.002878,0.04065,0.48,594.07,0.68069,0.6858,0.11045,0.0644,0.16081,0.23919,0.04805,0.01061
17,12,1.38341,0.82265,25.1394,-1.39055,1.00839,2.1369,0,0,1,1,-1.5049,-0.0004696,-0.08295,-2.14884,1.42e-05,0.17736,-2.52586,-0.00178,-0.05728,1.87,425.24,0.70195,0.67548,0.13272,0.07428,0.11522,0.23234,0.05011,0.01791
17,13,0.95795,0.89434,14.9295,-1.09124,0.96228,2.5203,0,0,1,1,-1.66669,-0.0008911,-0.02896,-2.00085,0.0001276,0.13249,-2.73902,-0.002214,-0.0061,0.44,594.07,0.70776,0.68989,0.12723,0.06377,0.11979,0.23482,0.04523,0.01151
18,1,0.75107,0.91973,7.2188,-0.9262,0.93165,2.5307,0,0,1,1,-1.49293,0.0002543,-0.1,-1.05175,-0.0003263,-0.16582,-0.02308,-0.001261,-0.35972,0.187,375.34,0.50078,0.75545,0.09546,0.1031,0.13314,0.08718,0.27062,0.05427
18,2,1.25884,0.81625,14.5198,-1.14485,0.96469,3.1279,0,0,1,1,-1.49191,0.000804,-0.18124,-1.00069,0.0013393,-0.26023,-0.46774,0.000689,-0.41078,0.229,789.03,0.58026,0.72359,0.09673,0.09152,0.13874,0.13465,0.18427,0.05025
18,3,0.56921,0.95279,3.5103,-0.58251,0.76747,3.2691,0,0,1,1,-1.5612,0.0007084,-0.0606,-0.84563,-0.0001811,-0.18717,0.52121,-0.000556,-0.49458,0.322,235.17,0.4464,0.70247,0.08468,0.12494,0.14014,0.10359,0.32878,0.069
18,4,1.04997,0.86168,0,-0.5,1,1,0,0,1,1,-1.38032,0.0004551,-0.10155,-1.61275,-0.0003346,0.06642,-1.20107,0.000366,-0.25811,2.43,577.77,0.62019,0.66935,0.12738,0.11469,0.14113,0.16787,0.1113,0.04809
18,6,1.10177,0.83494,11.4145,-1.08262,0.99561,2.3292,0,0,1,1,-1.86554,0.0001958,-0.06568,-1.38585,0.0007411,-0.10448,-1.60278,-0.000991,-0.11724,0.32,263.16,0.66039,0.73372,0.09161,0.08283,0.13874,0.12435,0.10926,0.0591
18,7,0.60591,0.90517,0.2274,-3.23568,1.02863,2.1716,0,0,1,1,-1.82056,-0.0002542,-0.01124,-0.41164,-0.000162,-0.18653,-0.2312,-0.000224,-0.30036,1.813,552.36,0.48373,0.7031,0.07663,0.09215,0.22401,0.13096,0.21563,0.07378
18,8,1.16983,0.82829,10.2846,-1.07204,0.96557,2.8347,0,0,1,1,-1.35903,0.0003799,-0.17083,-0.77134,0.0012207,-0.28648,0.01825,0.000103,-0.44448,0.187,789.03,0.50696,0.74267,0.09832,0.0823,0.14631,0.13285,0.2484,0.04219
18,9,0.63722,0.9323,16.2162,-1.13314,0.94007,4.0398,0,0,1,1,-1.38694,0.0001328,-0.05426,-1.21612,-5.21E-05,-0.11878,-0.43648,-0.001629,-0.39941,0.302,571.15,0.55459,0.74281,0.12657,0.14181,0.13482,0.10044,0.18401,0.01495
18,10,0.894,0.90083,3.4021,-0.60029,0.80228,2.226,0,0,1,1,-1.71561,-0.0002471,-0.01004,-1.55621,-0.000416,0.00594,-0.44906,0.000496,-0.43673,0.298,299.6,0.58891,0.70858,0.10415,0.11175,0.12544,0.13651,0.18149,0.04317
18,11,1.09035,0.88922,1.0503,-0.00645,0,1.0356,0,0,1,1,-1.84543,-0.0005793,-0.01429,-1.51825,0.0001825,0.05744,-1.9691,-0.002027,-0.14232,0.44,509.09,0.66435,0.67928,0.1024,0.07307,0.16044,0.23375,0.0728,0.0139
18,12,1.51188,0.8097,22.6137,-1.274,0.98144,1.996,0,0,1,1,-1.90715,-0.0006828,-0.01519,-2.55804,-0.0010482,0.29661,-1.46093,-0.000591,-0.30459,0.28,496.33,0.70854,0.70751,0.10257,0.06812,0.08987,0.20594,0.09902,0.01843
18,13,1.01227,0.85338,8.435,-0.9326,0.91563,3.812,0,0,1,1,-1.48192,0.000342,-0.04878,-1.23425,-0.0007836,-0.0667,-0.45135,-0.001044,-0.45535,0.298,571.15,0.56568,0.7442,0.1185,0.15075,0.14728,0.09061,0.16854,0.01445
19,1,0.75107,0.91973,7.2188,-0.9262,0.93165,2.5307,0,0,1,1,-1.49293,0.0002543,-0.1,-1.05175,-0.0003263,-0.16582,-0.02308,-0.001261,-0.35972,0.187,375.34,0.50078,0.75545,0.09546,0.1031,0.13314,0.08718,0.27062,0.05427
19,2,1.25884,0.81625,14.5198,-1.14485,0.96469,3.1279,0,0,1,1,-1.49191,0.000804,-0.18124,-1.00069,0.0013393,-0.26023,-0.46774,0.000689,-0.41078,0.229,789.03,0.58026,0.72359,0.09673,0.09152,0.13874,0.13465,0.18427,0.05025
19,3,0.56921,0.95279,3.5103,-0.58251,0.76747,3.2691,0,0,1,1,-1.5612,0.0007084,-0.0606,-0.84563,-0.0001811,-0.18717,0.52121,-0.000556,-0.49458,0.322,235.17,0.4464,0.70247,0.08468,0.12494,0.14014,0.10359,0.32878,0.069
19,4,1.04997,0.86168,0,-0.5,1,1,0,0,1,1,-1.38032,0.0004551,-0.10155,-1.61275,-0.0003346,0.06642,-1.20107,0.000366,-0.25811,2.43,577.77,0.62019,0.66935,0.12738,0.11469,0.14113,0.16787,0.1113,0.04809
19,6,1.10177,0.83494,11.4145,-1.08262,0.99561,2.3292,0,0,1,1,-1.86554,0.0001958,-0.06568,-1.38585,0.0007411,-0.10448,-1.60278,-0.000991,-0.11724,0.32,263.16,0.66039,0.73372,0.09161,0.08283,0.13874,0.12435,0.10926,0.0591
19,7,0.60591,0.90517,0.2274,-3.23568,1.02863,2.1716,0,0,1,1,-1.82056,-0.0002542,-0.01124,-0.41164,-0.000162,-0.18653,-0.2312,-0.000224,-0.30036,1.813,552.36,0.48373,0.7031,0.07663,0.09215,0.22401,0.13096,0.21563,0.07378
19,8,1.16983,0.82829,10.2846,-1.07204,0.96557,2.8347,0,0,1,1,-1.35903,0.0003799,-0.17083,-0.77134,0.0012207,-0.28648,0.01825,0.000103,-0.44448,0.187,789.03,0.50696,0.74267,0.09832,0.0823,0.14631,0.13285,0.2484,0.04219
19,9,0.63722,0.9323,16.2162,-1.13314,0.94007,4.0398,0,0,1,1,-1.38694,0.0001328,-0.05426,-1.21612,-5.21E-05,-0.11878,-0.43648,-0.001629,-0.39941,0.302,571.15,0.55459,0.74281,0.12657,0.14181,0.13482,0.10044,0.18401,0.01495
19,10,0.894,0.90083,3.4021,-0.60029,0.80228,2.226,0,0,1,1,-1.71561,-0.0002471,-0.01004,-1.55621,-0.000416,0.00594,-0.44906,0.000496,-0.43673,0.298,299.6,0.58891,0.70858,0.10415,0.11175,0.12544,0.13651,0.18149,0.04317
19,11,1.09035,0.88922,1.0503,-0.00645,0,1.0356,0,0,1,1,-1.84543,-0.0005793,-0.01429,-1.51825,0.0001825,0.05744,-1.9691,-0.002027,-0.14232,0.44,509.09,0.66435,0.67928,0.1024,0.07307,0.16044,0.23375,0.0728,0.0139
19,12,1.51188,0.8097,22.6137,-1.274,0.98144,1.996,0,0,1,1,-1.90715,-0.0006828,-0.01519,-2.55804,-0.0010482,0.29661,-1.46093,-0.000591,-0.30459,0.28,496.33,0.70854,0.70751,0.10257,0.06812,0.08987,0.20594,0.09902,0.01843
19,13,1.01227,0.85338,8.435,-0.9326,0.91563,3.812,0,0,1,1,-1.48192,0.000342,-0.04878,-1.23425,-0.0007836,-0.0667,-0.45135,-0.001044,-0.45535,0.298,571.15,0.56568,0.7442,0.1185,0.15075,0.14728,0.09061,0.16854,0.01445
21,1,0.70548,0.9047,4.61,-1.01216,0.9867,1.8094,0,0,1,1,-1.57262,0.0002621,-0.0854,-0.83023,0.0004997,-0.23824,-0.16211,3.3e-05,-0.3869,0.317,529.19,0.5213,0.74473,0.0938,0.10383,0.15266,0.09472,0.23224,0.05673
21,2,0.66159,0.93575,20.2678,-1.57292,1.00016,2.324,0,0,1,1,-1.79052,0.000285,-0.11886,-1.28235,-0.0013455,-0.11011,-0.70426,0.000822,-0.38424,0.165,386.36,0.61278,0.80281,0.08413,0.07356,0.14183,0.06862,0.16126,0.05501
21,3,0.49812,0.95597,2.9709,-0.95896,0.98822,1.6749,0,0,1,1,-1.68295,-0.0001204,-0.006,-0.94388,0.0007694,-0.20954,-0.36249,-0.001,-0.31585,1.519,329.11,0.54612,0.71394,0.10033,0.12314,0.14364,0.10589,0.20992,0.05703
21,6,0.53126,0.92834,0.5543,-0.27808,0.87365,1.2577,0,0,1,1,-1.971,-0.0006047,-0.02757,-1.42941,-0.0018351,-0.01464,-1.04565,-0.001387,-0.20518,2.871,450.4,0.62824,0.80709,0.08254,0.07234,0.14519,0.07731,0.14402,0.04326
21,7,0.6737,0.84366,1.2689,-0.04769,0,1.1772,0,0,1,1,-1.91245,-0.000323,0.01151,-0.40418,0.0006499,-0.23173,0.36222,0.001588,-0.46751,16.219,499.74,0.54408,0.6551,0.08281,0.08846,0.18083,0.14304,0.19227,0.11341
21,8,0.84015,0.86659,9.2836,-1.29692,0.99809,2.0218,0,0,1,1,-1.85811,-0.0004392,-0.04085,-1.06217,-0.0001517,-0.17361,-0.55045,-6.20E-05,-0.33192,0.165,499.74,0.57465,0.78325,0.08381,0.07607,0.14938,0.08519,0.19216,0.05548
21,9,0.55292,0.95019,18.7248,-1.61819,1.00707,2.4738,0,0,1,1,-1.23534,0.0003359,-0.0881,-1.13015,-1.39E-05,-0.12641,-0.31967,0.000877,-0.52848,0.58,703.92,0.5547,0.72046,0.13863,0.14882,0.14416,0.10051,0.1625,0.03022
21,10,0.71253,0.92022,1.6621,-0.85142,0.98535,1.3842,0,0,1,1,-1.66916,-6.34E-05,-0.0233,-0.61916,0.0022315,-0.27551,-0.82639,0.001295,-0.40005,0.364,289.67,0.5734,0.69346,0.10388,0.11236,0.19451,0.14877,0.12822,0.04541
21,12,0.61841,0.96331,1.074,-0.58506,0.95105,1.2899,0,0,1,1,-1.05596,-0.0002159,-0.14417,-1.24864,-0.0005785,-0.10455,-2.45411,-0.002474,-0.07513,2.175,381.68,0.63751,0.78097,0.16684,0.10598,0.14866,0.09637,0.04699,0.01668
21,13,0.59376,0.94695,11.7918,-1.40923,0.99677,2.1063,0,0,1,1,-1.23019,0.000212,-0.09046,-1.15099,-9.56E-05,-0.12399,-0.29255,0.000957,-0.59748,0.364,703.92,0.56129,0.74216,0.14092,0.13905,0.14417,0.09727,0.15362,0.02153
22,1,0.70548,0.9047,4.61,-1.01216,0.9867,1.8094,0,0,1,1,-1.57262,0.0002621,-0.0854,-0.83023,0.0004997,-0.23824,-0.16211,3.3e-05,-0.3869,0.317,529.19,0.5213,0.74473,0.0938,0.10383,0.15266,0.09472,0.23224,0.05673
22,2,0.66159,0.93575,20.2678,-1.57292,1.00016,2.324,0,0,1,1,-1.79052,0.000285,-0.11886,-1.28235,-0.0013455,-0.11011,-0.70426,0.000822,-0.38424,0.165,386.36,0.61278,0.80281,0.08413,0.07356,0.14183,0.06862,0.16126,0.05501
22,3,0.49812,0.95597,2.9709,-0.95896,0.98822,1.6749,0,0,1,1,-1.68295,-0.0001204,-0.006,-0.94388,0.0007694,-0.20954,-0.36249,-0.001,-0.31585,1.519,329.11,0.54612,0.71394,0.10033,0.12314,0.14364,0.10589,0.20992,0.05703
22,6,0.53126,0.92834,0.5543,-0.27808,0.87365,1.2577,0,0,1,1,-1.971,-0.0006047,-0.02757,-1.42941,-0.0018351,-0.01464,-1.04565,-0.001387,-0.20518,2.871,450.4,0.62824,0.80709,0.08254,0.07234,0.14519,0.07731,0.14402,0.04326
22,7,0.6737,0.84366,1.2689,-0.04769,0,1.1772,0,0,1,1,-1.91245,-0.000323,0.01151,-0.40418,0.0006499,-0.23173,0.36222,0.001588,-0.46751,16.219,499.74,0.54408,0.6551,0.08281,0.08846,0.18083,0.14304,0.19227,0.11341
22,8,0.84015,0.86659,9.2836,-1.29692,0.99809,2.0218,0,0,1,1,-1.85811,-0.0004392,-0.04085,-1.06217,-0.0001517,-0.17361,-0.55045,-6.20E-05,-0.33192,0.165,499.74,0.57465,0.78325,0.08381,0.07607,0.14938,0.08519,0.19216,0.05548
22,9,0.55292,0.95019,18.7248,-1.61819,1.00707,2.4738,0,0,1,1,-1.23534,0.0003359,-0.0881,-1.13015,-1.39E-05,-0.12641,-0.31967,0.000877,-0.52848,0.58,703.92,0.5547,0.72046,0.13863,0.14882,0.14416,0.10051,0.1625,0.03022
22,10,0.71253,0.92022,1.6621,-0.85142,0.98535,1.3842,0,0,1,1,-1.66916,-6.34E-05,-0.0233,-0.61916,0.0022315,-0.27551,-0.82639,0.001295,-0.40005,0.364,289.67,0.5734,0.69346,0.10388,0.11236,0.19451,0.14877,0.12822,0.04541
22,12,0.61841,0.96331,1.074,-0.58506,0.95105,1.2899,0,0,1,1,-1.05596,-0.0002159,-0.14417,-1.24864,-0.0005785,-0.10455,-2.45411,-0.002474,-0.07513,2.175,381.68,0.63751,0.78097,0.16684,0.10598,0.14866,0.09637,0.04699,0.01668
22,13,0.59376,0.94695,11.7918,-1.40923,0.99677,2.1063,0,0,1,1,-1.23019,0.000212,-0.09046,-1.15099,-9.56E-05,-0.12399,-0.29255,0.000957,-0.59748,0.364,703.92,0.56129,0.74216,0.14092,0.13905,0.14417,0.09727,0.15362,0.02153
23,1,0.51463,0.95441,4.094,-0.86834,0.95654,2.0643,0,0,1,1,-1.10382,0.0002005,-0.15475,-0.5092,-0.0004368,-0.22163,0.26919,-0.000859,-0.41133,0.588,490.4,0.43306,0.75213,0.11005,0.10533,0.1777,0.09223,0.27918,0.05031
23,2,0.42933,1.00636,4.5528,-0.99607,0.95859,2.0358,0,0,1,1,-0.56657,0.0003582,-0.31114,-0.70372,-0.0014025,-0.22311,-0.08044,-0.002438,-0.39395,0.15,331.66,0.46135,0.81243,0.15723,0.08492,0.15831,0.06892,0.22311,0.03373
23,3,0.58113,0.91522,22.9452,-2.84014,1.05952,1.3392,0,0,1,1,-1.93231,-0.0007765,0.05261,0.69595,0.0019348,-0.49141,0.52005,0.002226,-0.57633,3.539,343.52,0.42406,0.6692,0.06855,0.10099,0.2985,0.14695,0.20889,0.08285
23,6,0.48265,0.93194,0.7586,-0.24572,0.78447,1.3588,0,0,1,1,-1.5298,-0.000404,-0.07909,-0.02523,0.0002392,-0.31681,-0.80941,-0.000568,-0.28107,0.57,481.99,0.49271,0.75598,0.09314,0.08261,0.27886,0.11646,0.1353,0.04495
23,8,0.57078,0.93548,3.2131,-0.82974,0.95877,1.9448,0,0,1,1,-0.90657,0.0003196,-0.2189,-0.31667,9.67e-05,-0.30096,0.13215,-0.000752,-0.41169,0.15,490.4,0.43323,0.76874,0.12224,0.09337,0.19274,0.09074,0.25178,0.04715
23,9,0.5211,0.9562,18.889,-1.63154,1.00082,2.2977,0,0,1,1,-0.75109,0.0002802,-0.13678,0.1633,-0.0006247,-0.36146,-0.38413,-0.010779,-0.08913,0.248,522.75,0.38335,0.75684,0.14419,0.17541,0.24785,0.06669,0.22461,0.00105
23,10,0.74672,0.9062,1.3733,-0.66371,0.9526,1.2175,0,0,1,1,-2.11424,-0.001495,0.12889,0.34325,0.0029521,-0.45005,-0.85172,0.00137,-0.43232,15.403,326.57,0.59809,0.67472,0.10408,0.10563,0.22707,0.18302,0.07077,0.03663
23,12,0.61841,0.96331,1.074,-0.58506,0.95105,1.2899,0,0,1,1,-1.05596,-0.0002159,-0.14417,-1.24864,-0.0005785,-0.10455,-2.45411,-0.002474,-0.07513,2.175,381.68,0.63751,0.78097,0.16684,0.10598,0.14866,0.09637,0.04699,0.01668
23,13,0.57382,0.94058,15.7196,-1.56199,0.99899,2.0412,0,0,1,1,-0.87715,0.0002766,-0.10925,0.53148,-0.0007332,-0.43204,-1.41215,-0.018022,0.29554,0.248,522.75,0.38849,0.75771,0.13484,0.18363,0.32288,0.05857,0.15379,1e-04
24,1,0.71116,0.89376,2.2865,-1.13952,0.99465,2.1697,0,0,1,1,-1.2588,-9.75E-05,-0.11689,0.12757,-0.0013997,-0.22939,1.01933,-0.000425,-0.48994,3.043,583.78,0.34242,0.7471,0.07619,0.0951,0.24012,0.0868,0.34127,0.071
24,8,0.66982,0.90354,2.3218,-1.16423,0.99379,2.1699,0,0,1,1,-1.33013,-0.0001316,-0.10252,0.41072,-0.0011519,-0.29421,1.18851,-0.001218,-0.45993,3.043,583.78,0.30481,0.75133,0.06507,0.09568,0.24803,0.08855,0.38209,0.06444
24,13,0.57382,0.94058,15.7196,-1.56199,0.99899,2.0412,0,0,1,1,-0.87715,0.0002766,-0.10925,0.53148,-0.0007332,-0.43204,-1.41215,-0.018022,0.29554,0.248,522.75,0.38849,0.75771,0.13484,0.18363,0.32288,0.05857,0.15379,1e-04
25,1,0.70548,0.9047,4.61,-1.01216,0.9867,1.8094,0,0,1,1,-1.57262,0.0002621,-0.0854,-0.83023,0.0004997,-0.23824,-0.16211,3.3e-05,-0.3869,0.317,529.19,0.5213,0.74473,0.0938,0.10383,0.15266,0.09472,0.23224,0.05673
25,2,0.66159,0.93575,20.2678,-1.57292,1.00016,2.324,0,0,1,1,-1.79052,0.000285,-0.11886,-1.28235,-0.0013455,-0.11011,-0.70426,0.000822,-0.38424,0.165,386.36,0.61278,0.80281,0.08413,0.07356,0.14183,0.06862,0.16126,0.05501
25,3,0.49812,0.95597,2.9709,-0.95896,0.98822,1.6749,0,0,1,1,-1.68295,-0.0001204,-0.006,-0.94388,0.0007694,-0.20954,-0.36249,-0.001,-0.31585,1.519,329.11,0.54612,0.71394,0.10033,0.12314,0.14364,0.10589,0.20992,0.05703
25,6,0.53126,0.92834,0.5543,-0.27808,0.87365,1.2577,0,0,1,1,-1.971,-0.0006047,-0.02757,-1.42941,-0.0018351,-0.01464,-1.04565,-0.001387,-0.20518,2.871,450.4,0.62824,0.80709,0.08254,0.07234,0.14519,0.07731,0.14402,0.04326
25,7,0.6737,0.84366,1.2689,-0.04769,0,1.1772,0,0,1,1,-1.91245,-0.000323,0.01151,-0.40418,0.0006499,-0.23173,0.36222,0.001588,-0.46751,16.219,499.74,0.54408,0.6551,0.08281,0.08846,0.18083,0.14304,0.19227,0.11341
25,8,0.84015,0.86659,9.2836,-1.29692,0.99809,2.0218,0,0,1,1,-1.85811,-0.0004392,-0.04085,-1.06217,-0.0001517,-0.17361,-0.55045,-6.20E-05,-0.33192,0.165,499.74,0.57465,0.78325,0.08381,0.07607,0.14938,0.08519,0.19216,0.05548
25,9,0.55292,0.95019,18.7248,-1.61819,1.00707,2.4738,0,0,1,1,-1.23534,0.0003359,-0.0881,-1.13015,-1.39E-05,-0.12641,-0.31967,0.000877,-0.52848,0.58,703.92,0.5547,0.72046,0.13863,0.14882,0.14416,0.10051,0.1625,0.03022
25,10,0.71253,0.92022,1.6621,-0.85142,0.98535,1.3842,0,0,1,1,-1.66916,-6.34E-05,-0.0233,-0.61916,0.0022315,-0.27551,-0.82639,0.001295,-0.40005,0.364,289.67,0.5734,0.69346,0.10388,0.11236,0.19451,0.14877,0.12822,0.04541
25,12,0.61841,0.96331,1.074,-0.58506,0.95105,1.2899,0,0,1,1,-1.05596,-0.0002159,-0.14417,-1.24864,-0.0005785,-0.10455,-2.45411,-0.002474,-0.07513,2.175,381.68,0.63751,0.78097,0.16684,0.10598,0.14866,0.09637,0.04699,0.01668
25,13,0.59376,0.94695,11.7918,-1.40923,0.99677,2.1063,0,0,1,1,-1.23019,0.000212,-0.09046,-1.15099,-9.56E-05,-0.12399,-0.29255,0.000957,-0.59748,0.364,703.92,0.56129,0.74216,0.14092,0.13905,0.14417,0.09727,0.15362,0.02153
26,1,1.26869,0.81074,4.61,-1.01216,0.9867,1.8094,0,0,1,1,-2.17671,-0.0008013,0.07542,-0.55877,-0.00037,-0.27645,1.2648,0.000826,-0.69459,94.895,420.58,0.68499,0.77252,0.10189,0.09874,0.10593,0.07094,0.10719,0.05781
26,2,1.15213,0.84307,20.2678,-1.57292,1.00016,2.324,0,0,1,1,-1.46179,0.0009756,-0.20301,-1.97432,-0.0001226,-0.05051,-0.62624,0.00071,-0.40581,11.733,479,0.70203,0.79214,0.09291,0.08353,0.08443,0.0759,0.12063,0.04842
26,3,0.50445,0.94359,2.9709,-0.95896,0.98822,1.6749,0,0,1,1,-1.70472,-0.0002335,0.00174,-1.71684,-0.0003466,0.02057,-1.36216,3.4e-05,-0.16021,133.783,1100.21,0.67373,0.72965,0.11976,0.10387,0.12788,0.10339,0.07864,0.06309
26,6,0.53126,0.92834,0.5543,-0.27808,0.87365,1.2577,0,0,1,1,-1.971,-0.0006047,-0.02757,-1.42941,-0.0018351,-0.01464,-1.04565,-0.001387,-0.20518,2.871,450.4,0.62824,0.80709,0.08254,0.07234,0.14519,0.07731,0.14402,0.04326
26,8,1.31805,0.81455,9.2836,-1.29692,0.99809,2.0218,0,0,1,1,-2.30153,-0.0001201,0.02772,-1.97589,-0.0004089,-0.03418,-1.61309,-0.000921,-0.11925,11.733,479,0.72766,0.79003,0.07865,0.08862,0.09118,0.07289,0.10251,0.04845
26,9,0.80468,0.88493,18.7248,-1.61819,1.00707,2.4738,0,0,1,1,-1.40813,-0.0008354,-0.00578,-1.74316,-0.0011054,0.0317,-1.77012,-0.000856,-0.13021,33.086,393.2,0.65558,0.73374,0.15274,0.12483,0.12411,0.1005,0.06757,0.04093
26,10,2.37953,0.67918,1.6621,-0.85142,0.98535,1.3842,0,0,1,1,-1.42161,6.32e-05,-0.04927,-1.47516,-0.0002509,-0.00743,0.25846,0.001146,-0.62191,0.515,838.11,0.5275,0.70914,0.11703,0.12947,0.11913,0.12503,0.23634,0.03635
26,13,0.95471,0.85607,11.7918,-1.40923,0.99677,2.1063,0,0,1,1,-1.85053,-0.0005552,0.07745,-2.06008,-0.001233,0.09941,-2.21042,-0.001741,-0.01713,33.086,393.2,0.67682,0.71783,0.13844,0.14419,0.11891,0.10216,0.06583,0.03583
27,1,1.26869,0.81074,4.61,-1.01216,0.9867,1.8094,0,0,1,1,-2.17671,-0.0008013,0.07542,-0.55877,-0.00037,-0.27645,1.2648,0.000826,-0.69459,94.895,420.58,0.68499,0.77252,0.10189,0.09874,0.10593,0.07094,0.10719,0.05781
27,2,1.15213,0.84307,20.2678,-1.57292,1.00016,2.324,0,0,1,1,-1.46179,0.0009756,-0.20301,-1.97432,-0.0001226,-0.05051,-0.62624,0.00071,-0.40581,11.733,479,0.70203,0.79214,0.09291,0.08353,0.08443,0.0759,0.12063,0.04842
27,3,0.50445,0.94359,2.9709,-0.95896,0.98822,1.6749,0,0,1,1,-1.70472,-0.0002335,0.00174,-1.71684,-0.0003466,0.02057,-1.36216,3.4e-05,-0.16021,133.783,1100.21,0.67373,0.72965,0.11976,0.10387,0.12788,0.10339,0.07864,0.06309
27,6,0.53126,0.92834,0.5543,-0.27808,0.87365,1.2577,0,0,1,1,-1.971,-0.0006047,-0.02757,-1.42941,-0.0018351,-0.01464,-1.04565,-0.001387,-0.20518,2.871,450.4,0.62824,0.80709,0.08254,0.07234,0.14519,0.07731,0.14402,0.04326
27,8,1.31805,0.81455,9.2836,-1.29692,0.99809,2.0218,0,0,1,1,-2.30153,-0.0001201,0.02772,-1.97589,-0.0004089,-0.03418,-1.61309,-0.000921,-0.11925,11.733,479,0.72766,0.79003,0.07865,0.08862,0.09118,0.07289,0.10251,0.04845
27,9,0.80468,0.88493,18.7248,-1.61819,1.00707,2.4738,0,0,1,1,-1.40813,-0.0008354,-0.00578,-1.74316,-0.0011054,0.0317,-1.77012,-0.000856,-0.13021,33.086,393.2,0.65558,0.73374,0.15274,0.12483,0.12411,0.1005,0.06757,0.04093
27,10,2.37953,0.67918,1.6621,-0.85142,0.98535,1.3842,0,0,1,1,-1.42161,6.32e-05,-0.04927,-1.47516,-0.0002509,-0.00743,0.25846,0.001146,-0.62191,0.515,838.11,0.5275,0.70914,0.11703,0.12947,0.11913,0.12503,0.23634,0.03635
27,13,0.95471,0.85607,11.7918,-1.40923,0.99677,2.1063,0,0,1,1,-1.85053,-0.0005552,0.07745,-2.06008,-0.001233,0.09941,-2.21042,-0.001741,-0.01713,33.086,393.2,0.67682,0.71783,0.13844,0.14419,0.11891,0.10216,0.06583,0.03583
28,1,0.45211,0.97412,4.094,-0.86834,0.95654,2.0643,0,0,1,1,-1.22566,0.0001343,-0.11619,-0.17008,0.0003413,-0.30871,1.51316,0.000916,-0.69976,0.105,1725.57,0.31208,0.70063,0.07581,0.10904,0.15917,0.10659,0.45294,0.08374
28,2,0.59413,0.95905,4.5528,-0.99607,0.95859,2.0358,0,0,1,1,-0.37481,0.0002844,-0.37794,-0.04901,0.000794,-0.47113,1.06379,0.000996,-0.76817,4.965,532.58,0.47388,0.84118,0.13682,0.06251,0.15335,0.06322,0.23595,0.03309
28,3,0.50445,0.94359,22.9452,-2.84014,1.05952,1.3392,0,0,1,1,-1.70472,-0.0002335,0.00174,-1.71684,-0.0003466,0.02057,-1.36216,3.4e-05,-0.16021,133.783,1100.21,0.67373,0.72965,0.11976,0.10387,0.12788,0.10339,0.07864,0.06309
28,6,0.48265,0.93194,0.7586,-0.24572,0.78447,1.3588,0,0,1,1,-1.5298,-0.000404,-0.07909,-0.02523,0.0002392,-0.31681,-0.80941,-0.000568,-0.28107,0.57,481.99,0.49271,0.75598,0.09314,0.08261,0.27886,0.11646,0.1353,0.04495
28,8,0.61012,0.92918,3.2131,-0.82974,0.95877,1.9448,0,0,1,1,-1.49778,0.0002165,-0.09997,-1.20606,0.0002463,-0.13935,0.14982,0.00069,-0.4509,0.105,1635.78,0.50363,0.69481,0.09569,0.10563,0.12014,0.11093,0.28053,0.08863
28,9,0.44945,0.98507,18.889,-1.63154,1.00082,2.2977,0,0,1,1,-0.59035,0.0002223,-0.15591,-1.27515,0.0003455,-0.17554,-1.12545,0.000773,-0.4482,0.252,1739.77,0.55833,0.69633,0.2389,0.17741,0.1166,0.09572,0.08617,0.03054
28,10,0.61822,0.94452,1.3733,-0.66371,0.9526,1.2175,0,0,1,1,-1.42161,6.32e-05,-0.04927,-1.47516,-0.0002509,-0.00743,0.25846,0.001146,-0.62191,0.515,838.11,0.5275,0.70914,0.11703,0.12947,0.11913,0.12503,0.23634,0.03635
28,13,0.47023,0.97957,15.7196,-1.56199,0.99899,2.0412,0,0,1,1,-0.74863,0.0001428,-0.1161,-1.05598,0.0005541,-0.24111,-0.37687,0.001145,-0.65829,0.273,1739.77,0.53975,0.69315,0.2105,0.1767,0.12577,0.10454,0.12398,0.02561
29,1,0.45211,0.97412,2.2865,-1.13952,0.99465,2.1697,0,0,1,1,-1.22566,0.0001343,-0.11619,-0.17008,0.0003413,-0.30871,1.51316,0.000916,-0.69976,0.105,1725.57,0.31208,0.70063,0.07581,0.10904,0.15917,0.10659,0.45294,0.08374
29,2,0.59413,0.95905,4.5528,-0.99607,0.95859,2.0358,0,0,1,1,-0.37481,0.0002844,-0.37794,-0.04901,0.000794,-0.47113,1.06379,0.000996,-0.76817,4.965,532.58,0.47388,0.84118,0.13682,0.06251,0.15335,0.06322,0.23595,0.03309
29,3,0.50445,0.94359,22.9452,-2.84014,1.05952,1.3392,0,0,1,1,-1.70472,-0.0002335,0.00174,-1.71684,-0.0003466,0.02057,-1.36216,3.4e-05,-0.16021,133.783,1100.21,0.67373,0.72965,0.11976,0.10387,0.12788,0.10339,0.07864,0.06309
29,6,0.48265,0.93194,0.7586,-0.24572,0.78447,1.3588,0,0,1,1,-1.5298,-0.000404,-0.07909,-0.02523,0.0002392,-0.31681,-0.80941,-0.000568,-0.28107,0.57,481.99,0.49271,0.75598,0.09314,0.08261,0.27886,0.11646,0.1353,0.04495
29,8,0.61012,0.92918,2.3218,-1.16423,0.99379,2.1699,0,0,1,1,-1.49778,0.0002165,-0.09997,-1.20606,0.0002463,-0.13935,0.14982,0.00069,-0.4509,0.105,1635.78,0.50363,0.69481,0.09569,0.10563,0.12014,0.11093,0.28053,0.08863
29,9,0.44945,0.98507,18.889,-1.63154,1.00082,2.2977,0,0,1,1,-0.59035,0.0002223,-0.15591,-1.27515,0.0003455,-0.17554,-1.12545,0.000773,-0.4482,0.252,1739.77,0.55833,0.69633,0.2389,0.17741,0.1166,0.09572,0.08617,0.03054
29,10,0.61822,0.94452,1.3733,-0.66371,0.9526,1.2175,0,0,1,1,-1.42161,6.32e-05,-0.04927,-1.47516,-0.0002509,-0.00743,0.25846,0.001146,-0.62191,0.515,838.11,0.5275,0.70914,0.11703,0.12947,0.11913,0.12503,0.23634,0.03635
29,13,0.47023,0.97957,15.7196,-1.56199,0.99899,2.0412,0,0,1,1,-0.74863,0.0001428,-0.1161,-1.05598,0.0005541,-0.24111,-0.37687,0.001145,-0.65829,0.273,1739.77,0.53975,0.69315,0.2105,0.1767,0.12577,0.10454,0.12398,0.02561
30,1,0.45211,0.97412,2.2865,-1.13952,0.99465,2.1697,0,0,1,1,-1.22566,0.0001343,-0.11619,-0.17008,0.0003413,-0.30871,1.51316,0.000916,-0.69976,0.105,1725.57,0.31208,0.70063,0.07581,0.10904,0.15917,0.10659,0.45294,0.08374
30,2,0.59413,0.95905,4.5528,-0.99607,0.95859,2.0358,0,0,1,1,-0.37481,0.0002844,-0.37794,-0.04901,0.000794,-0.47113,1.06379,0.000996,-0.76817,4.965,532.58,0.47388,0.84118,0.13682,0.06251,0.15335,0.06322,0.23595,0.03309
30,3,0.50445,0.94359,22.9452,-2.84014,1.05952,1.3392,0,0,1,1,-1.70472,-0.0002335,0.00174,-1.71684,-0.0003466,0.02057,-1.36216,3.4e-05,-0.16021,133.783,1100.21,0.67373,0.72965,0.11976,0.10387,0.12788,0.10339,0.07864,0.06309
30,6,0.48265,0.93194,0.7586,-0.24572,0.78447,1.3588,0,0,1,1,-1.5298,-0.000404,-0.07909,-0.02523,0.0002392,-0.31681,-0.80941,-0.000568,-0.28107,0.57,481.99,0.49271,0.75598,0.09314,0.08261,0.27886,0.11646,0.1353,0.04495
30,8,0.61012,0.92918,2.3218,-1.16423,0.99379,2.1699,0,0,1,1,-1.49778,0.0002165,-0.09997,-1.20606,0.0002463,-0.13935,0.14982,0.00069,-0.4509,0.105,1635.78,0.50363,0.69481,0.09569,0.10563,0.12014,0.11093,0.28053,0.08863
30,9,0.44945,0.98507,18.889,-1.63154,1.00082,2.2977,0,0,1,1,-0.59035,0.0002223,-0.15591,-1.27515,0.0003455,-0.17554,-1.12545,0.000773,-0.4482,0.252,1739.77,0.55833,0.69633,0.2389,0.17741,0.1166,0.09572,0.08617,0.03054
30,10,0.61822,0.94452,1.3733,-0.66371,0.9526,1.2175,0,0,1,1,-1.42161,6.32e-05,-0.04927,-1.47516,-0.0002509,-0.00743,0.25846,0.001146,-0.62191,0.515,838.11,0.5275,0.70914,0.11703,0.12947,0.11913,0.12503,0.23634,0.03635
30,13,0.47023,0.97957,15.7196,-1.56199,0.99899,2.0412,0,0,1,1,-0.74863,0.0001428,-0.1161,-1.05598,0.0005541,-0.24111,-0.37687,0.001145,-0.65829,0.273,1739.77,0.53975,0.69315,0.2105,0.1767,0.12577,0.10454,0.12398,0.02561
31,1,0.93551,0.84904,2.4001,-0.26699,0.38542,2.364,100,-2.17931,0.9991,4.09925,-1.94516,-0.0006437,0.03199,-2.93312,-0.0024884,0.17137,-1.4187,-0.000116,-0.16655,0.211,509.04,0.71167,0.79989,0.10725,0.10062,0.05024,0.03497,0.13084,0.06453
31,2,1.21624,0.82326,100,-1.44257,0.90453,1.3544,100,-1.61927,0.97102,1.51792,3.06378,0.0063935,-1.239,-3.27015,-0.0043885,0.35719,-0.26989,0.002275,-0.55171,82.955,322.91,0.74043,0.7893,0.10507,0.10172,0.09675,0.05757,0.05775,0.05141
31,3,0.3927,0.99712,1.35,-0.05725,0,1.2869,26.22,-1.78646,0.9987,1.1187,-1.15712,0.0007395,-0.17353,0.55727,0.0005295,-0.40518,-0.3311,-6.00E-05,-0.31275,7.785,423.8,0.4649,0.69305,0.09447,0.10413,0.29024,0.12993,0.1504,0.0729
31,6,0.58955,0.95501,2.4231,-0.52747,0.94556,2.0186,2.788,-2.1089,1.10794,1.20552,-1.11953,0.0032119,-0.25027,-0.6021,-0.0010206,-0.18196,-1.24696,-0.001997,-0.23045,1.681,199.54,0.56309,0.71948,0.11489,0.11772,0.2179,0.12207,0.10411,0.04073
31,8,1.13011,0.81584,2.3558,-0.28689,0.45307,2.3673,0,0,1,1,-1.91865,-0.000266,-0.00174,-2.73571,-0.0025689,0.14149,-1.72988,6.3e-05,-0.11892,0.211,509.04,0.72783,0.79592,0.10654,0.10095,0.05958,0.03376,0.10605,0.06938
31,9,0.59046,0.93482,20.7611,-0.94751,0.80123,2.6657,100,-1.41572,0.87338,1.56558,-1.25683,7.66e-05,-0.07262,-6.44026,-0.003049,0.8923,-4.99626,-0.003045,0.47246,28.243,451.74,0.77702,0.7606,0.1718,0.14362,0.02593,0.07231,0.02525,0.02347
31,10,0.74313,0.9229,24.7824,-0.77865,0.26881,2.9193,100,-1.01589,0.06729,1.90301,-1.72327,-0.0013644,0.02059,-3.44421,-0.0087834,0.60997,-2.33138,0.005521,-0.22353,20.684,154.95,0.69879,0.7068,0.12963,0.11336,0.13474,0.12788,0.03684,0.05196
31,13,0.57069,0.93811,20.5199,-0.93723,0.77411,2.6657,0,0,1,1,-1.51524,-0.0001543,-0.00431,-7.61229,-0.0033172,1.14965,-4.44531,-0.003085,0.33415,28.243,451.74,0.78402,0.74167,0.16897,0.14805,0.01982,0.09357,0.02719,0.01672
32,1,0.57781,0.94216,13.4422,-0.64929,0.51825,5.2113,7.991,-0.9352,0.94035,1.37407,-1.11968,0.0005742,-0.17648,-1.35567,-0.0009235,-0.03724,-0.28617,-0.001442,-0.293,0.769,658.35,0.51814,0.76637,0.12418,0.11598,0.12504,0.08444,0.23264,0.03321
32,2,0.61862,0.94465,23.1808,-0.85514,0.74927,7.3114,100,-1.61927,0.97102,1.51792,-1.76353,-0.0001099,-0.08677,-1.95439,-0.0006137,-0.01845,-1.98823,-0.001572,-0.0519,0.525,643.08,0.70911,0.82549,0.10481,0.07519,0.0973,0.06993,0.08879,0.02939
32,3,0.3927,0.99712,1.35,-0.05725,0,1.2869,26.22,-1.78646,0.9987,1.1187,-1.15712,0.0007395,-0.17353,0.55727,0.0005295,-0.40518,-0.3311,-6.00E-05,-0.31275,7.785,423.8,0.4649,0.69305,0.09447,0.10413,0.29024,0.12993,0.1504,0.0729
32,6,0.58955,0.95501,2.4231,-0.52747,0.94556,2.0186,2.788,-2.1089,1.10794,1.20552,-1.11953,0.0032119,-0.25027,-0.6021,-0.0010206,-0.18196,-1.24696,-0.001997,-0.23045,1.681,199.54,0.56309,0.71948,0.11489,0.11772,0.2179,0.12207,0.10411,0.04073
32,8,0.61559,0.94009,15.2853,-0.72512,0.65647,5.6784,0,0,1,1,-1.53054,3.56e-05,-0.12161,-1.56293,-0.0005977,-0.06192,-1.32464,-0.001265,-0.15206,0.525,658.35,0.6373,0.80767,0.11204,0.0812,0.12008,0.07636,0.13058,0.03477
32,9,0.48697,0.9785,8.1968,-0.66801,0.73584,3.9778,26.623,-1.2398,0.95594,1.76882,-1.18636,-0.0006321,-0.0256,-3.08654,-0.0011771,0.26436,-2.11669,0.001172,-0.29504,0.661,802.9,0.6962,0.76815,0.20326,0.11895,0.05023,0.08001,0.05031,0.03289
32,10,0.74313,0.9229,24.7824,-0.77865,0.26881,2.9193,100,-1.01589,0.06729,1.90301,-1.72327,-0.0013644,0.02059,-3.44421,-0.0087834,0.60997,-2.33138,0.005521,-0.22353,20.684,154.95,0.69879,0.7068,0.12963,0.11336,0.13474,0.12788,0.03684,0.05196
32,13,0.45581,0.99176,9.1642,-0.66326,0.67493,4.4726,0,0,1,1,-1.15625,-0.0002116,-0.03829,-2.89288,-0.0008582,0.20776,-2.47012,-0.000122,-0.22451,0.661,625.99,0.69876,0.73672,0.20572,0.15864,0.05548,0.09107,0.04004,0.01357
33,1,0.57781,0.94216,13.4422,-0.64929,0.51825,5.2113,7.991,-0.9352,0.94035,1.37407,-1.11968,0.0005742,-0.17648,-1.35567,-0.0009235,-0.03724,-0.28617,-0.001442,-0.293,0.769,658.35,0.51814,0.76637,0.12418,0.11598,0.12504,0.08444,0.23264,0.03321
33,2,0.61862,0.94465,23.1808,-0.85514,0.74927,7.3114,100,-1.61927,0.97102,1.51792,-1.76353,-0.0001099,-0.08677,-1.95439,-0.0006137,-0.01845,-1.98823,-0.001572,-0.0519,0.525,643.08,0.70911,0.82549,0.10481,0.07519,0.0973,0.06993,0.08879,0.02939
33,3,0.3927,0.99712,1.35,-0.05725,0,1.2869,26.22,-1.78646,0.9987,1.1187,-1.15712,0.0007395,-0.17353,0.55727,0.0005295,-0.40518,-0.3311,-6.00E-05,-0.31275,7.785,423.8,0.4649,0.69305,0.09447,0.10413,0.29024,0.12993,0.1504,0.0729
33,6,0.58955,0.95501,2.4231,-0.52747,0.94556,2.0186,2.788,-2.1089,1.10794,1.20552,-1.11953,0.0032119,-0.25027,-0.6021,-0.0010206,-0.18196,-1.24696,-0.001997,-0.23045,1.681,199.54,0.56309,0.71948,0.11489,0.11772,0.2179,0.12207,0.10411,0.04073
33,8,0.61559,0.94009,15.2853,-0.72512,0.65647,5.6784,0,0,1,1,-1.53054,3.56e-05,-0.12161,-1.56293,-0.0005977,-0.06192,-1.32464,-0.001265,-0.15206,0.525,658.35,0.6373,0.80767,0.11204,0.0812,0.12008,0.07636,0.13058,0.03477
33,9,0.48697,0.9785,8.1968,-0.66801,0.73584,3.9778,26.623,-1.2398,0.95594,1.76882,-1.18636,-0.0006321,-0.0256,-3.08654,-0.0011771,0.26436,-2.11669,0.001172,-0.29504,0.661,802.9,0.6962,0.76815,0.20326,0.11895,0.05023,0.08001,0.05031,0.03289
33,10,0.74313,0.9229,24.7824,-0.77865,0.26881,2.9193,100,-1.01589,0.06729,1.90301,-1.72327,-0.0013644,0.02059,-3.44421,-0.0087834,0.60997,-2.33138,0.005521,-0.22353,20.684,154.95,0.69879,0.7068,0.12963,0.11336,0.13474,0.12788,0.03684,0.05196
33,13,0.45581,0.99176,9.1642,-0.66326,0.67493,4.4726,0,0,1,1,-1.15625,-0.0002116,-0.03829,-2.89288,-0.0008582,0.20776,-2.47012,-0.000122,-0.22451,0.661,625.99,0.69876,0.73672,0.20572,0.15864,0.05548,0.09107,0.04004,0.01357
34,1,0.57781,0.94216,13.4422,-0.64929,0.51825,5.2113,7.991,-0.9352,0.94035,1.37407,-1.11968,0.0005742,-0.17648,-1.35567,-0.0009235,-0.03724,-0.28617,-0.001442,-0.293,0.769,658.35,0.51814,0.76637,0.12418,0.11598,0.12504,0.08444,0.23264,0.03321
34,2,0.61862,0.94465,23.1808,-0.85514,0.74927,7.3114,100,-1.61927,0.97102,1.51792,-1.76353,-0.0001099,-0.08677,-1.95439,-0.0006137,-0.01845,-1.98823,-0.001572,-0.0519,0.525,643.08,0.70911,0.82549,0.10481,0.07519,0.0973,0.06993,0.08879,0.02939
34,3,0.3927,0.99712,1.35,-0.05725,0,1.2869,26.22,-1.78646,0.9987,1.1187,-1.15712,0.0007395,-0.17353,0.55727,0.0005295,-0.40518,-0.3311,-6.00E-05,-0.31275,7.785,423.8,0.4649,0.69305,0.09447,0.10413,0.29024,0.12993,0.1504,0.0729
34,6,0.58955,0.95501,2.4231,-0.52747,0.94556,2.0186,2.788,-2.1089,1.10794,1.20552,-1.11953,0.0032119,-0.25027,-0.6021,-0.0010206,-0.18196,-1.24696,-0.001997,-0.23045,1.681,199.54,0.56309,0.71948,0.11489,0.11772,0.2179,0.12207,0.10411,0.04073
34,8,0.61559,0.94009,15.2853,-0.72512,0.65647,5.6784,225.279,-1.91784,0.99107,1.52935,-1.53054,3.56e-05,-0.12161,-1.56293,-0.0005977,-0.06192,-1.32464,-0.001265,-0.15206,0.525,658.35,0.6373,0.80767,0.11204,0.0812,0.12008,0.07636,0.13058,0.03477
34,9,0.48697,0.9785,8.1968,-0.66801,0.73584,3.9778,26.623,-1.2398,0.95594,1.76882,-1.18636,-0.0006321,-0.0256,-3.08654,-0.0011771,0.26436,-2.11669,0.001172,-0.29504,0.661,802.9,0.6962,0.76815,0.20326,0.11895,0.05023,0.08001,0.05031,0.03289
34,10,0.74313,0.9229,24.7824,-0.77865,0.26881,2.9193,100,-1.01589,0.06729,1.90301,-1.72327,-0.0013644,0.02059,-3.44421,-0.0087834,0.60997,-2.33138,0.005521,-0.22353,20.684,154.95,0.69879,0.7068,0.12963,0.11336,0.13474,0.12788,0.03684,0.05196
34,13,0.45581,0.99176,9.1642,-0.66326,0.67493,4.4726,100,-1.01589,0.06729,1.90301,-1.15625,-0.0002116,-0.03829,-2.89288,-0.0008582,0.20776,-2.47012,-0.000122,-0.22451,0.661,625.99,0.69876,0.73672,0.20572,0.15864,0.05548,0.09107,0.04004,0.01357
35,1,0.57781,0.94216,13.4422,-0.64929,0.51825,5.2113,7.991,-0.9352,0.94035,1.37407,-1.11968,0.0005742,-0.17648,-1.35567,-0.0009235,-0.03724,-0.28617,-0.001442,-0.293,0.769,658.35,0.51814,0.76637,0.12418,0.11598,0.12504,0.08444,0.23264,0.03321
35,2,0.61862,0.94465,23.1808,-0.85514,0.74927,7.3114,100,-1.61927,0.97102,1.51792,-1.76353,-0.0001099,-0.08677,-1.95439,-0.0006137,-0.01845,-1.98823,-0.001572,-0.0519,0.525,643.08,0.70911,0.82549,0.10481,0.07519,0.0973,0.06993,0.08879,0.02939
35,3,0.3927,0.99712,1.35,-0.05725,0,1.2869,26.22,-1.78646,0.9987,1.1187,-1.15712,0.0007395,-0.17353,0.55727,0.0005295,-0.40518,-0.3311,-6.00E-05,-0.31275,7.785,423.8,0.4649,0.69305,0.09447,0.10413,0.29024,0.12993,0.1504,0.0729
35,6,0.58955,0.95501,2.4231,-0.52747,0.94556,2.0186,2.788,-2.1089,1.10794,1.20552,-1.11953,0.0032119,-0.25027,-0.6021,-0.0010206,-0.18196,-1.24696,-0.001997,-0.23045,1.681,199.54,0.56309,0.71948,0.11489,0.11772,0.2179,0.12207,0.10411,0.04073
35,8,0.61559,0.94009,15.2853,-0.72512,0.65647,5.6784,225.279,-1.91784,0.99107,1.52935,-1.53054,3.56e-05,-0.12161,-1.56293,-0.0005977,-0.06192,-1.32464,-0.001265,-0.15206,0.525,658.35,0.6373,0.80767,0.11204,0.0812,0.12008,0.07636,0.13058,0.03477
35,9,0.48697,0.9785,8.1968,-0.66801,0.73584,3.9778,26.623,-1.2398,0.95594,1.76882,-1.18636,-0.0006321,-0.0256,-3.08654,-0.0011771,0.26436,-2.11669,0.001172,-0.29504,0.661,802.9,0.6962,0.76815,0.20326,0.11895,0.05023,0.08001,0.05031,0.03289
35,10,0.74313,0.9229,24.7824,-0.77865,0.26881,2.9193,100,-1.01589,0.06729,1.90301,-1.72327,-0.0013644,0.02059,-3.44421,-0.0087834,0.60997,-2.33138,0.005521,-0.22353,20.684,154.95,0.69879,0.7068,0.12963,0.11336,0.13474,0.12788,0.03684,0.05196
35,13,0.45581,0.99176,9.1642,-0.66326,0.67493,4.4726,100,-1.01589,0.06729,1.90301,-1.15625,-0.0002116,-0.03829,-2.89288,-0.0008582,0.20776,-2.47012,-0.000122,-0.22451,0.661,625.99,0.69876,0.73672,0.20572,0.15864,0.05548,0.09107,0.04004,0.01357
36,1,0.93066,0.84895,95.0253,-1.43545,0.94175,1.3924,100,-1.62713,0.9722,1.11147,0.73545,0.000985,-0.5364,1.95551,0.0028514,-0.74451,2.01456,0.002442,-0.82474,91.52,589,0.58184,0.62097,0.1145,0.07526,0.17776,0.20259,0.12589,0.10118
36,2,0.59476,0.94098,14.3032,-0.62988,0.39845,5.4123,10.047,-0.72992,0.72736,1.60056,-1.62089,3.71e-05,-0.10919,-0.9625,0.00528,-0.49917,-1.16829,0.002801,-0.3771,4.311,377.9,0.70475,0.74399,0.10923,0.07792,0.09041,0.10732,0.09561,0.07076
36,3,0.3927,0.99712,1.35,-0.05725,0,1.2869,26.22,-1.78646,0.9987,1.1187,-1.15712,0.0007395,-0.17353,0.55727,0.0005295,-0.40518,-0.3311,-6.00E-05,-0.31275,7.785,423.8,0.4649,0.69305,0.09447,0.10413,0.29024,0.12993,0.1504,0.0729
36,5,0.73897,0.91526,4.694,-0.62462,0.82075,1.1935,100,-1.68068,0.98349,1.06697,-2.40389,-0.0006387,0.16747,0.7055,0.0010978,-0.40103,4.4257,0.003629,-1.26336,127.454,477.88,0.5575,0.59987,0.10526,0.11245,0.18298,0.17218,0.15426,0.1155
36,8,0.77203,0.89281,14.863,-0.65914,0.46684,5.4293,16.705,-0.91655,0.82936,1.6068,-1.72516,0.0007567,-0.093,-3.39209,0.0023399,0.16231,-2.33819,0.001778,-0.05651,4.311,589,0.78139,0.58083,0.11349,0.08921,0.03814,0.2186,0.06698,0.11136
36,9,0.22956,1.10396,31.6148,-0.92957,0.50357,4.8645,2.006,-0.28654,0.49338,1.22375,-1.83978,-0.0007772,0.09672,-3.67419,-0.003197,0.52432,-3.34046,-0.003426,0.1832,20.351,362.8,0.71277,0.70499,0.15236,0.14958,0.09229,0.12416,0.04257,0.02127
36,13,0.22956,1.10396,31.6148,-0.92957,0.50357,4.8645,100,-1.01589,0.06729,1.90301,-1.83978,-0.0007772,0.09672,-3.67419,-0.003197,0.52432,-3.34046,-0.003426,0.1832,20.351,362.8,0.71277,0.70499,0.15236,0.14958,0.09229,0.12416,0.04257,0.02127
37,1,0.57781,0.94216,13.4422,-0.64929,0.51825,5.2113,7.991,-0.9352,0.94035,1.37407,-1.11968,0.0005742,-0.17648,-1.35567,-0.0009235,-0.03724,-0.28617,-0.001442,-0.293,0.769,658.35,0.51814,0.76637,0.12418,0.11598,0.12504,0.08444,0.23264,0.03321
37,2,0.61862,0.94465,23.1808,-0.85514,0.74927,7.3114,100,-1.61927,0.97102,1.51792,-1.76353,-0.0001099,-0.08677,-1.95439,-0.0006137,-0.01845,-1.98823,-0.001572,-0.0519,0.525,643.08,0.70911,0.82549,0.10481,0.07519,0.0973,0.06993,0.08879,0.02939
37,3,0.3927,0.99712,1.35,-0.05725,0,1.2869,26.22,-1.78646,0.9987,1.1187,-1.15712,0.0007395,-0.17353,0.55727,0.0005295,-0.40518,-0.3311,-6.00E-05,-0.31275,7.785,423.8,0.4649,0.69305,0.09447,0.10413,0.29024,0.12993,0.1504,0.0729
37,6,0.58955,0.95501,2.4231,-0.52747,0.94556,2.0186,2.788,-2.1089,1.10794,1.20552,-1.11953,0.0032119,-0.25027,-0.6021,-0.0010206,-0.18196,-1.24696,-0.001997,-0.23045,1.681,199.54,0.56309,0.71948,0.11489,0.11772,0.2179,0.12207,0.10411,0.04073
37,8,0.61559,0.94009,15.2853,-0.72512,0.65647,5.6784,225.279,-1.91784,0.99107,1.52935,-1.53054,3.56e-05,-0.12161,-1.56293,-0.0005977,-0.06192,-1.32464,-0.001265,-0.15206,0.525,658.35,0.6373,0.80767,0.11204,0.0812,0.12008,0.07636,0.13058,0.03477
37,9,0.48697,0.9785,8.1968,-0.66801,0.73584,3.9778,26.623,-1.2398,0.95594,1.76882,-1.18636,-0.0006321,-0.0256,-3.08654,-0.0011771,0.26436,-2.11669,0.001172,-0.29504,0.661,802.9,0.6962,0.76815,0.20326,0.11895,0.05023,0.08001,0.05031,0.03289
37,10,0.74313,0.9229,24.7824,-0.77865,0.26881,2.9193,100,-1.01589,0.06729,1.90301,-1.72327,-0.0013644,0.02059,-3.44421,-0.0087834,0.60997,-2.33138,0.005521,-0.22353,20.684,154.95,0.69879,0.7068,0.12963,0.11336,0.13474,0.12788,0.03684,0.05196
37,13,0.45581,0.99176,9.1642,-0.66326,0.67493,4.4726,100,-1.01589,0.06729,1.90301,-1.15625,-0.0002116,-0.03829,-2.89288,-0.0008582,0.20776,-2.47012,-0.000122,-0.22451,0.661,625.99,0.69876,0.73672,0.20572,0.15864,0.05548,0.09107,0.04004,0.01357
38,1,0.907981143,0.850238462,99.99999999,-1.410439858,1.032743354,8.200661467,99.99999999,-2.834478289,1.000904507,1.010012796,-1.651918,-0.0004055,-0.0337477,-2.455559,-0.0014986,0.0394686,-1.614988,-0.0002082,-0.1392802,0.30162951,762.5945702,0.699089446,0.822854404,0.126652453,0.092520882,0.064046018,0.029270972,0.110212084,0.055353742
38,2,1.115244734,0.841690547,20.603697,-0.586169305,9.9250003e-09,5.567278478,1.081496128,-0.014292353,1e-08,1.023093347,-1.643865,-2.47E-05,-0.0990339,-1.814172,-0.0006274,-0.0801466,-1.37449,-0.0006383,-0.2319116,0.832048054,568.7951554,0.679506467,0.826138367,0.110260745,0.083911084,0.096095718,0.05663432,0.114137071,0.03331623
38,3,0.621236,0.927453321,19.3060294,-0.943322261,0.923914188,5.502653865,0.147523235,-0.498517624,0.988164096,1.060445506,-0.40594,0.0020504,-0.3541551,0.4071855,0.000159,-0.3948407,0.4895712,-0.0001216,-0.4839459,39.64644616,266.2594042,0.560549601,0.697045049,0.105521357,0.110221341,0.18914164,0.119587522,0.144787403,0.073146088
38,6,0.738940576,0.899036818,5.048678726,-0.5,0.5,1.54482693,0.903083756,-1.223324312,0.999524272,1.014771267,-1.329008,0.0038303,-0.2426446,-2.820644,-0.0106289,0.3735961,-2.061208,0.0005343,-0.1692962,0.505673256,72.27241858,0.723168598,0.754614021,0.126807881,0.091758999,0.081036206,0.105798279,0.068987316,0.047828701
38,8,1.105698304,0.817587883,99.99999999,-1.383074095,1.06044355,9.099487139,0.95217531,-0.014307192,0.11594155,1.020362817,-1.538662,-0.0002032,-0.0832246,-2.58313,-0.0022193,0.1020842,-1.60939,-5.15E-05,-0.1455833,0.41433015,753.0989629,0.698043458,0.828292806,0.130186069,0.08786734,0.062593227,0.023145156,0.109177246,0.060694698
38,9,1.227126522,0.814520129,30.54103246,-0.851344242,0.66976961,7.476636773,38.207106,-1.701809224,0.995827307,1.078130179,-1.360484,-0.0002083,-0.0362811,-2.110273,-8.48E-05,-0.061304,-2.144309,-0.0002147,-0.2285588,0.242389363,1054.282167,0.698679658,0.799171697,0.16877191,0.12783935,0.076503135,0.057794642,0.056045298,0.015194312
38,10,1.478999997,0.822078517,89.91541732,-1.247268761,0.915156667,6.834438377,1.104779442,-0.01874544,1e-08,1.025520353,-1.577622,3.31e-05,-0.0396923,-2.006157,-0.0020487,0.1030154,-2.147009,-0.0012341,-0.1290147,0.256277961,454.1480702,0.691042514,0.772604066,0.1335828,0.126962036,0.110218576,0.077062467,0.065156111,0.023371431
38,13,1.521286572,0.780202773,60.22191801,-1.084403957,0.825558811,6.834531376,0.95217531,-0.014307192,0.11594155,1.020362817,-1.583971,-0.0002196,0.0054746,-1.78569,-0.0005561,-0.0737564,-2.02195,-0.0010316,-0.2342602,0.242389363,997.9505813,0.69195659,0.807539037,0.143246824,0.138200258,0.102668001,0.046694791,0.062128584,0.007565915
39,1,0.682406191,0.913007244,34.6598936,-1.012312659,0.894664764,7.158689316,2.199773662,-1.13986322,0.994398567,1.022902126,-1.791892,-0.0002819,-0.0213511,-0.7240622,-0.0007699,-0.1688515,-0.3034801,-0.0006129,-0.3580733,2.318533068,762.4766199,0.535661523,0.801729809,0.085495132,0.093512941,0.185225044,0.070384984,0.193618301,0.034372266
39,2,0.873417849,0.885843528,18.49059513,-0.816886115,0.74475979,4.280301524,4.927963816,-1.485699435,0.998623982,1.025873798,-1.821875,-0.0001614,-0.0595662,-0.9984587,-0.000789,-0.1769124,-0.8914505,-0.0011905,-0.2790404,1.551866345,602.9842259,0.605809995,0.828322041,0.08757288,0.082961542,0.159865398,0.061017086,0.146751727,0.027699331
39,3,0.501617265,0.954564591,19.3060294,-0.943322261,0.923914188,5.502653865,0.147523235,-0.498517624,0.988164096,1.060445506,-1.34574,-0.0002044,-0.0784552,0.7464222,-0.0002849,-0.3765462,0.401605,-0.0005183,-0.3938215,5.789225489,475.6512759,0.375998466,0.700173854,0.081129958,0.101889974,0.323346565,0.12609197,0.219525011,0.071844203
39,6,0.738940576,0.899036818,10.74498908,-0.46301133,0.174402779,4.392129367,0.903083756,-1.223324312,0.999524272,1.014771267,-2.347296,-3.81E-05,0.0676977,-1.761853,-0.0001164,-0.0610369,-1.940456,-0.0001281,-0.1359998,3.857557399,795.0643259,0.731104124,0.767911686,0.081026799,0.112014135,0.109850005,0.079938961,0.078019072,0.040135218
39,8,0.937792051,0.864092826,18.80527779,-0.743454591,0.610533578,4.994491274,161.8439514,-2.428847013,1.000740875,1.029342554,-1.61138,0.0002381,-0.1100975,-0.5391732,-0.0001415,-0.2631933,-0.3401128,-0.0003326,-0.3792267,1.551866345,762.4766199,0.535729688,0.799499957,0.086978716,0.092089652,0.190470883,0.072857197,0.186820713,0.035553195
39,9,0.972565784,0.866118695,45.46295155,-1.094185705,0.856708014,5.66662597,99.99999999,-2.152632774,0.998570978,1.023362722,-1.000573,-0.0003049,-0.0714391,-2.166312,-0.0013148,0.0856448,-2.313493,-0.0009114,-0.1724552,0.098286297,689.201025,0.652021344,0.778271326,0.213386881,0.14532256,0.085896516,0.063114795,0.048695259,0.013291319
39,10,1.610657526,0.786061948,89.91541732,-1.247268761,0.915156667,6.834438377,1.104779442,-0.01874544,1e-08,1.025520353,-1.216762,0.0015043,-0.1465071,-1.632935,-0.0009383,0.049126,-2.73702,-0.0044658,0.0560232,1.420879071,226.2430073,0.661720579,0.701299706,0.149572435,0.131499601,0.141447365,0.144767989,0.047259621,0.022432704
39,13,1.000204149,0.862239946,90.20388218,-1.342104756,0.950442828,6.504293137,161.8439514,-2.428847013,1.000740875,1.029342554,-1.096381,-0.0002401,-0.0476338,-1.997429,-0.001401,0.0534837,-2.466752,-0.0017312,-0.1475492,0.098286297,689.201025,0.656227161,0.77493823,0.20285907,0.160656502,0.097130958,0.056810137,0.043782811,0.00759513
40,1,0.546669798,0.950976003,93.21069475,-1.244500269,1.022523556,10,99.99999999,-2.156189728,0.998694917,1.014611553,-1.460103,-0.0004703,-0.0662667,-0.9957694,-0.0013293,-0.0966901,-0.791021,-0.0013205,-0.2224225,0.394098582,663.5426191,0.545599009,0.808804964,0.113286081,0.089328375,0.171166823,0.065941133,0.169948087,0.035925528
40,2,0.620892576,0.946101294,21.44736125,-0.660298986,0.340937606,6.269684502,99.99999999,-2.051599815,0.997678358,1.037662962,-1.82098,-0.000373,-0.0625593,-1.657286,-0.0014556,-0.0201124,-1.438912,-0.0010399,-0.1822509,0.104417063,686.4190688,0.663635527,0.847411293,0.097002412,0.070535242,0.122426366,0.052155972,0.116935696,0.029897493
40,3,0.501617265,0.954564591,19.3060294,-0.943322261,0.923914188,5.502653865,0.147523235,-0.498517624,0.988164096,1.060445506,-1.34574,-0.0002044,-0.0784552,0.7464222,-0.0002849,-0.3765462,0.401605,-0.0005183,-0.3938215,5.789225489,475.6512759,0.375998466,0.700173854,0.081129958,0.101889974,0.323346565,0.12609197,0.219525011,0.071844203
40,6,0.738940576,0.899036818,10.74498908,-0.46301133,0.174402779,4.392129367,0.903083756,-1.223324312,0.999524272,1.014771267,-1.329008,0.0038303,-0.2426446,-2.820644,-0.0106289,0.3735961,-2.061208,0.0005343,-0.1692962,0.505673256,72.27241858,0.723168598,0.754614021,0.126807881,0.091758999,0.081036206,0.105798279,0.068987316,0.047828701
40,8,0.578154354,0.946817683,48.33658787,-0.979698982,0.765238393,9.254777836,314.1170615,-6.761034933,1.00004277,1.000042771,-1.512368,-0.0003574,-0.0825214,-0.909709,-0.0013012,-0.1193355,-0.7870781,-0.0011512,-0.238584,0.104417063,686.4190688,0.545692355,0.820032471,0.105123032,0.082439384,0.18085235,0.061939736,0.168332264,0.035588409
40,9,0.939075627,0.869070735,15.2367015,-0.594402444,0.273901317,2.829780257,99.99999999,-1.98054049,0.993428533,1.027311529,-1.495932,-0.0006825,-0.0280724,-2.024915,-0.0012461,0.0492282,-2.450914,-0.0008517,-0.1162344,0.267963321,468.7110875,0.700252928,0.79062887,0.14970705,0.108208356,0.100282622,0.078816937,0.0497574,0.022345838
40,10,0.249563935,1.149707659,89.91541732,-1.247268761,0.915156667,6.834438377,0.890895605,-0.010674865,0.170398718,1.02312178,-1.338956,0.0008188,-0.1233636,-1.414224,-0.0010425,-0.0376646,-1.958984,-0.0002087,-0.1861505,9.036938386,313.086619,0.669022319,0.739230553,0.127532622,0.12299555,0.14586392,0.104371582,0.057581139,0.033402316
40,13,1.017722222,0.858736355,15.15963478,-0.610738078,0.405121245,2.826314881,314.1170615,-6.761034933,1.00004277,1.000042771,-1.540176,-0.0007619,-0.0069053,-2.068193,-0.0008818,0.0451433,-2.58355,-0.0009127,-0.1350153,0.267963321,459.3720101,0.71002514,0.782666,0.150422209,0.113310431,0.09672609,0.087064536,0.04282656,0.016959034
41,1,0.455031272,0.975384684,27.38948282,-1.093857955,0.992548032,5.324439744,0.337060982,-0.905106328,0.998761025,1.018382829,-1.896043,-7.68E-05,-0.0056274,-0.3106665,-0.0001148,-0.2145801,0.3435968,0.000341,-0.4424452,2.794610117,2727.803526,0.456840235,0.756207513,0.067797182,0.088080171,0.215448234,0.074180942,0.259914349,0.081531374
41,2,1.03258133,0.867951657,99.99999999,-1.598552667,1.094617666,4.07784783,1.767955442,-1.263591932,0.998690735,1.020035359,-1.625568,7.08e-05,-0.1098465,-0.7530977,0.0003481,-0.2450257,-0.8479053,0.0001846,-0.3120772,0.539187631,1265.715061,0.58012229,0.779247666,0.094601053,0.07649794,0.17962695,0.098943191,0.145649708,0.045311203
41,3,0.569445834,0.915329609,31.3966673,-1.027778243,0.946421879,9.181072977,0.752347706,-0.952378528,0.99539267,1.031981033,-1.541986,5.3e-05,-0.0632744,-0.0141913,-0.0001526,-0.2427835,0.1728825,-0.0001205,-0.3041622,0.767920862,2097.063614,0.394749673,0.741190702,0.075598017,0.10921566,0.254299061,0.082814,0.275353249,0.066779637
41,4,0.458589496,0.982787235,22.87158951,-0.886058235,0.920362671,6.990466426,2.896700294,-1.262326712,0.998688527,1.051082755,-1.774134,-4.25E-05,-0.0102457,0.3302141,-0.000153,-0.3061235,0.4685062,-0.000278,-0.436426,0.41108922,3462.674586,0.362197681,0.819918776,0.060384915,0.110431173,0.300505783,0.055386961,0.276911622,0.01426309
41,5,0.497746142,0.977656007,41.27354201,-1.025384947,0.923602106,7.76561681,0.54870672,-0.835829886,0.996274057,1.022997618,-1.244877,-1.93E-05,-0.0728796,-0.0248945,-0.0001724,-0.2091615,0.2900703,-0.0003808,-0.3410254,2.587423538,3057.885158,0.39130667,0.77781265,0.097210109,0.117634075,0.249706663,0.083550302,0.261776559,0.021002974
41,7,0.520888545,0.94632729,18.50902609,-0.891128707,0.917839462,7.020549353,99.99999999,-1.896679055,1.006262742,1.242212467,-0.5616812,0.0004131,-0.2596321,0.463182,7.2e-05,-0.3313192,0.8455845,-1.23E-05,-0.5053491,0.83015197,2434.111399,0.312236964,0.718111314,0.112694606,0.14774725,0.276683472,0.102614091,0.298384959,0.031527345
41,8,0.48709928,0.967343836,26.48860333,-0.959795819,0.944827242,7.137296376,0.392716302,-0.533064504,0.985728401,1.054324923,-1.44008,2.65e-05,-0.0690385,0.179227,-0.0001234,-0.2740652,0.6298863,-8.05E-05,-0.4538252,0.41108922,3462.674586,0.352556928,0.789486467,0.074334481,0.116782616,0.265507444,0.065979531,0.307601148,0.027751386
41,9,0.647729281,0.941624853,55.13896265,-1.513671769,1.033130076,8.380257541,99.99999999,-2.272171647,0.998331188,1.037025318,-0.5987475,-0.0001108,-0.2179472,-1.656835,2.7e-05,-0.0288816,-0.6760105,0.0001846,-0.4892645,0.920435039,1725.568581,0.565865767,0.788205713,0.211010509,0.070439878,0.102532869,0.12699749,0.120590855,0.01435692
41,10,1.156141943,0.867804107,99.99999999,-1.021518453,0.502448121,1.305090227,0.890895605,-0.010674865,0.170398718,1.02312178,-1.733454,-0.0005786,0.0123067,-1.253744,-0.0004228,-0.0585442,-0.5131046,0.0011113,-0.4724806,5.832284885,382.7908921,0.615591668,0.725466822,0.111617339,0.110523946,0.152458222,0.124247634,0.120332772,0.039761599
41,11,0.595244535,0.959460637,0.995619523,-1.00E-08,0.01076243,1.006381914,99.99999999,-2.272171647,0.998331188,1.037025318,-1.291454,5.21e-05,-0.0756369,-0.1016642,6.5e-05,-0.2732753,-0.8087489,0.0001133,-0.4255576,49.4228606,1286.024611,0.629145652,0.749572142,0.128147167,0.128156074,0.191270499,0.103949653,0.051436682,0.018322131
41,12,0.54140729,0.960138222,75.29415243,-1.402438385,0.976811719,4.965537166,99.99999999,-2.202629612,0.998115883,1.042735212,-1.554899,4.84e-05,-0.0443205,-0.4419988,-0.0003921,-0.1228719,-0.0335258,0.0006035,-0.5118409,5.807903127,1074.611558,0.511308511,0.71742579,0.097208694,0.117123805,0.244747688,0.128269608,0.146735107,0.037180797
41,13,0.539901479,0.971950355,46.36424452,-1.382478263,1.01256937,8.3697267,0.392716302,-0.533064504,0.985728401,1.054324923,-1.299148,-0.0004853,-0.0653684,-1.551819,-0.0005523,0.0277346,-2.103599,-0.0013983,-0.1297362,0.920435039,1182.791982,0.640232572,0.806325026,0.155397291,0.077986163,0.142426722,0.108176998,0.061943415,0.007511813
42,1,0.598147251,0.932555304,13.07983918,-0.742792109,0.804279882,5.282077697,0.200355006,-0.677309647,0.995499139,1.021389224,-1.361658,2.45e-05,-0.1239678,-0.3473501,-0.0001456,-0.2409331,0.0966125,-0.0002026,-0.4144783,0.419501187,1105.816277,0.449506615,0.787703736,0.09340985,0.086937452,0.211359725,0.087456131,0.245723811,0.037902681
42,2,0.848509974,0.8946592,23.99910025,-1.010421444,0.927775414,3.743741911,99.99999999,-2.257283737,1.000036453,1.039719155,-1.77465,-0.000147,-0.0850149,-1.316541,-0.0005628,-0.1226472,-1.292485,-0.0005624,-0.2210048,0.189794154,1134.258729,0.642174841,0.855260874,0.094650312,0.067469411,0.140646602,0.051075116,0.122528245,0.026194599
42,3,0.548145508,0.936568995,19.3060294,-0.943322261,0.923914188,5.502653865,73.57445775,-2.389234531,1.000852762,1.034286731,-1.312407,0.0001252,-0.1073977,0.1459929,0.0001743,-0.2695429,0.1067876,-0.0001153,-0.3514152,1.396603454,1226.179744,0.399679254,0.696427481,0.088157509,0.101784877,0.28053257,0.146596762,0.231630667,0.05519088
42,4,0.474549074,0.982604863,16.70139891,-0.736625344,0.767299249,5.883203727,14.47105918,-1.787275912,1.002914723,1.037795726,-1.51923,0.000126,-0.0651167,0.067988,-0.0002718,-0.2527379,0.2776705,-0.0007846,-0.3850431,0.788611938,1390.614797,0.391725062,0.764713571,0.076484772,0.124458572,0.268957476,0.089965142,0.262832691,0.020862715
42,5,0.614955465,0.944456808,15.60925025,-0.987997507,0.996561794,3.653291572,16.7497384,-1.935597145,1.000233784,1.046652605,-1.403252,4.76e-05,-0.0629483,-0.3861517,0.0001132,-0.1950155,-0.116808,8.17e-05,-0.3352757,0.590985695,1855.68859,0.453281512,0.69287488,0.099977552,0.115816753,0.220252926,0.133827026,0.22648801,0.057481341
42,6,0.75143778,0.911929131,10.74498908,-0.46301133,0.174402779,4.392129367,0.903083756,-1.223324312,0.999524272,1.014771267,-2.347296,-3.81E-05,0.0676977,-1.761853,-0.0001164,-0.0610369,-1.940456,-0.0001281,-0.1359998,3.857557399,795.0643259,0.731104124,0.767911686,0.081026799,0.112014135,0.109850005,0.079938961,0.078019072,0.040135218
42,7,0.701762676,0.901100986,5.32215783,-0.45183117,0.591822115,4.298219134,0.371875598,-0.663187838,0.991258332,1.070260389,-0.8209704,0.0002832,-0.2011756,-0.0666428,0.0001501,-0.2641068,0.215705,-1.17E-06,-0.4260966,1.331883172,2571.709328,0.409249699,0.712158183,0.124268313,0.133693595,0.2352027,0.123137932,0.231279288,0.03101029
42,8,0.712771669,0.918396184,18.91496167,-0.957503553,0.9503155,4.077527344,13.99522104,-1.826551873,1.000201557,1.037376653,-1.401252,0.0002992,-0.1231799,-0.5623339,0.0001649,-0.2080012,-0.5551928,-0.0002592,-0.2865312,0.189794154,2571.709328,0.509228861,0.712713928,0.102397544,0.143997444,0.206042118,0.121161435,0.182331477,0.022127193
42,9,0.670098545,0.940670572,27.88004392,-1.000608786,0.865270952,5.19232053,99.99999999,-2.168093113,0.998622459,1.052408882,-1.421668,-0.000583,-0.032389,-1.019609,0.0007736,-0.1956568,-2.035399,-0.0010911,-0.1341559,0.478305947,1197.346451,0.628552285,0.748219139,0.143507211,0.071398092,0.162618659,0.17016187,0.065321846,0.010220898
42,10,0.918794296,0.907921307,24.28989959,-0.96744188,0.889762827,4.945991517,0.71912159,-1.043654415,0.997744334,1.019765385,-1.545135,-0.0001984,-0.0383172,-0.9938384,0.0002226,-0.1400569,-1.237737,-0.0002801,-0.2570242,0.7875,553.2124869,0.597531732,0.729122583,0.119133251,0.109355408,0.172992169,0.125879504,0.110342848,0.035642505
42,12,0.849455792,0.906400254,39.10988503,-1.096166705,1.039538013,10,99.99999999,-2.110098883,0.995381604,1.040908217,-1.401252,0.0002992,-0.1231799,-0.5623339,0.0001649,-0.2080012,-0.5551928,-0.0002592,-0.2865312,0.189794154,2571.709328,0.509228861,0.712713928,0.102397544,0.143997444,0.206042118,0.121161435,0.182331477,0.022127193
42,13,0.795275716,0.917755756,33.7630474,-1.042703492,0.84826796,6.77734507,13.99522104,-1.826551873,1.000201557,1.037376653,-1.539834,-0.0007465,0.0061841,-1.033298,0.0008469,-0.199313,-1.699233,-0.0008701,-0.2581238,0.478305947,1182.239628,0.629704198,0.746606758,0.136397991,0.069195952,0.159711094,0.176349117,0.074186716,0.007848174
44,1,0.54369,0.96564,15.8077,-0.99203,0.92474,4.2284,0,0,1,1,-1.55893,-0.0009666,-0.02244,-1.6301,-0.0030498,0.09569,-1.56487,-0.003042,0.00828,1.485,376.1,0.60751,0.76463,0.12237,0.09786,0.14169,0.08401,0.12844,0.0535
44,2,0.49354,0.99456,67.9141,-1.46963,1.15769,7.8539,0,0,1,1,-2.14536,-0.0016456,0.02522,-2.59471,-0.0039187,0.21292,-2.24457,-0.003092,0.01382,2.775,252.97,0.74346,0.81202,0.09121,0.07209,0.08498,0.07339,0.08036,0.0425
44,3,0.54369,0.96564,15.8077,-0.99203,0.92474,4.2284,0,0,1,1,-1.55893,-0.0009666,-0.02244,-1.6301,-0.0030498,0.09569,-1.56487,-0.003042,0.00828,1.485,376.1,0.60751,0.76463,0.12237,0.09786,0.14169,0.08401,0.12844,0.0535
44,8,0.54972,0.9658,27.319,-1.11712,0.95472,5.6448,0,0,1,1,-1.92333,-0.0006819,0.01506,-2.19257,-0.0027955,0.17104,-2.03955,-0.002547,0.054,1.485,376.1,0.6913,0.76909,0.10379,0.0951,0.10581,0.08291,0.09911,0.05291
44,9,0.54466,0.98762,27.1652,-1.11062,0.9651,5.9898,0,0,1,1,-1.73362,-0.0024198,0.08342,-2.57591,-0.0055146,0.34739,-2.01728,-0.004183,-0.09656,1.811,203.62,0.68363,0.73495,0.1411,0.12384,0.10028,0.11631,0.07499,0.0249
44,13,0.60465,0.96891,42.5828,-1.08755,0.69053,4.8609,0,0,1,1,-2.20679,-0.0039694,0.21957,-2.98073,-0.0065755,0.41607,-3.02627,-0.005818,0.10072,14.101,203.62,0.70579,0.76535,0.14036,0.12126,0.11141,0.09395,0.04244,0.01944
45,1,0.54369,0.96564,15.8077,-0.99203,0.92474,4.2284,0,0,1,1,-1.55893,-0.0009666,-0.02244,-1.6301,-0.0030498,0.09569,-1.56487,-0.003042,0.00828,1.485,376.1,0.60751,0.76463,0.12237,0.09786,0.14169,0.08401,0.12844,0.0535
45,2,0.49354,0.99456,67.9141,-1.46963,1.15769,7.8539,0,0,1,1,-2.14536,-0.0016456,0.02522,-2.59471,-0.0039187,0.21292,-2.24457,-0.003092,0.01382,2.775,252.97,0.74346,0.81202,0.09121,0.07209,0.08498,0.07339,0.08036,0.0425
45,3,0.54369,0.96564,15.8077,-0.99203,0.92474,4.2284,0,0,1,1,-1.55893,-0.0009666,-0.02244,-1.6301,-0.0030498,0.09569,-1.56487,-0.003042,0.00828,1.485,376.1,0.60751,0.76463,0.12237,0.09786,0.14169,0.08401,0.12844,0.0535
45,8,0.54972,0.9658,27.319,-1.11712,0.95472,5.6448,0,0,1,1,-1.92333,-0.0006819,0.01506,-2.19257,-0.0027955,0.17104,-2.03955,-0.002547,0.054,1.485,376.1,0.6913,0.76909,0.10379,0.0951,0.10581,0.08291,0.09911,0.05291
45,9,0.54466,0.98762,27.1652,-1.11062,0.9651,5.9898,0,0,1,1,-1.73362,-0.0024198,0.08342,-2.57591,-0.0055146,0.34739,-2.01728,-0.004183,-0.09656,1.811,203.62,0.68363,0.73495,0.1411,0.12384,0.10028,0.11631,0.07499,0.0249
45,13,0.60465,0.96891,42.5828,-1.08755,0.69053,4.8609,0,0,1,1,-2.20679,-0.0039694,0.21957,-2.98073,-0.0065755,0.41607,-3.02627,-0.005818,0.10072,14.101,203.62,0.70579,0.76535,0.14036,0.12126,0.11141,0.09395,0.04244,0.01944
46,1,0.54369,0.96564,15.8077,-0.99203,0.92474,4.2284,0,0,1,1,-1.55893,-0.0009666,-0.02244,-1.6301,-0.0030498,0.09569,-1.56487,-0.003042,0.00828,1.485,376.1,0.60751,0.76463,0.12237,0.09786,0.14169,0.08401,0.12844,0.0535
46,2,0.49354,0.99456,67.9141,-1.46963,1.15769,7.8539,0,0,1,1,-2.14536,-0.0016456,0.02522,-2.59471,-0.0039187,0.21292,-2.24457,-0.003092,0.01382,2.775,252.97,0.74346,0.81202,0.09121,0.07209,0.08498,0.07339,0.08036,0.0425
46,3,0.54369,0.96564,15.8077,-0.99203,0.92474,4.2284,0,0,1,1,-1.55893,-0.0009666,-0.02244,-1.6301,-0.0030498,0.09569,-1.56487,-0.003042,0.00828,1.485,376.1,0.60751,0.76463,0.12237,0.09786,0.14169,0.08401,0.12844,0.0535
46,8,0.54972,0.9658,27.319,-1.11712,0.95472,5.6448,0,0,1,1,-1.92333,-0.0006819,0.01506,-2.19257,-0.0027955,0.17104,-2.03955,-0.002547,0.054,1.485,376.1,0.6913,0.76909,0.10379,0.0951,0.10581,0.08291,0.09911,0.05291
46,9,0.54466,0.98762,27.1652,-1.11062,0.9651,5.9898,0,0,1,1,-1.73362,-0.0024198,0.08342,-2.57591,-0.0055146,0.34739,-2.01728,-0.004183,-0.09656,1.811,203.62,0.68363,0.73495,0.1411,0.12384,0.10028,0.11631,0.07499,0.0249
46,13,0.60465,0.96891,42.5828,-1.08755,0.69053,4.8609,0,0,1,1,-2.20679,-0.0039694,0.21957,-2.98073,-0.0065755,0.41607,-3.02627,-0.005818,0.10072,14.101,203.62,0.70579,0.76535,0.14036,0.12126,0.11141,0.09395,0.04244,0.01944
47,1,0.54369,0.96564,15.8077,-0.99203,0.92474,4.2284,0,0,1,1,-1.55893,-0.0009666,-0.02244,-1.6301,-0.0030498,0.09569,-1.56487,-0.003042,0.00828,1.485,376.1,0.60751,0.76463,0.12237,0.09786,0.14169,0.08401,0.12844,0.0535
47,2,0.49354,0.99456,67.9141,-1.46963,1.15769,7.8539,0,0,1,1,-2.14536,-0.0016456,0.02522,-2.59471,-0.0039187,0.21292,-2.24457,-0.003092,0.01382,2.775,252.97,0.74346,0.81202,0.09121,0.07209,0.08498,0.07339,0.08036,0.0425
47,3,0.54369,0.96564,15.8077,-0.99203,0.92474,4.2284,0,0,1,1,-1.55893,-0.0009666,-0.02244,-1.6301,-0.0030498,0.09569,-1.56487,-0.003042,0.00828,1.485,376.1,0.60751,0.76463,0.12237,0.09786,0.14169,0.08401,0.12844,0.0535
47,8,0.54972,0.9658,27.319,-1.11712,0.95472,5.6448,0,0,1,1,-1.92333,-0.0006819,0.01506,-2.19257,-0.0027955,0.17104,-2.03955,-0.002547,0.054,1.485,376.1,0.6913,0.76909,0.10379,0.0951,0.10581,0.08291,0.09911,0.05291
47,9,0.54466,0.98762,27.1652,-1.11062,0.9651,5.9898,0,0,1,1,-1.73362,-0.0024198,0.08342,-2.57591,-0.0055146,0.34739,-2.01728,-0.004183,-0.09656,1.811,203.62,0.68363,0.73495,0.1411,0.12384,0.10028,0.11631,0.07499,0.0249
47,13,0.60465,0.96891,42.5828,-1.08755,0.69053,4.8609,0,0,1,1,-2.20679,-0.0039694,0.21957,-2.98073,-0.0065755,0.41607,-3.02627,-0.005818,0.10072,14.101,203.62,0.70579,0.76535,0.14036,0.12126,0.11141,0.09395,0.04244,0.01944
50,1,0.93551,0.84904,2.4001,-0.26699,0.38542,2.364,100,-2.17931,0.9991,4.09925,-1.94516,-0.0006437,0.03199,-2.93312,-0.0024884,0.17137,-1.4187,-0.000116,-0.16655,0.211,509.04,0.71167,0.79989,0.10725,0.10062,0.05024,0.03497,0.13084,0.06453
50,2,1.21624,0.82326,100,-1.44257,0.90453,1.3544,100,-1.61927,0.97102,1.51792,3.06378,0.0063935,-1.239,-3.27015,-0.0043885,0.35719,-0.26989,0.002275,-0.55171,82.955,322.91,0.74043,0.7893,0.10507,0.10172,0.09675,0.05757,0.05775,0.05141
50,3,0.3927,0.99712,1.35,-0.05725,0,1.2869,26.22,-1.78646,0.9987,1.1187,-1.15712,0.0007395,-0.17353,0.55727,0.0005295,-0.40518,-0.3311,-6.00E-05,-0.31275,7.785,423.8,0.4649,0.69305,0.09447,0.10413,0.29024,0.12993,0.1504,0.0729
50,8,1.13011,0.81584,2.3558,-0.28689,0.45307,2.3673,0,0,1,1,-1.91865,-0.000266,-0.00174,-2.73571,-0.0025689,0.14149,-1.72988,6.3e-05,-0.11892,0.211,509.04,0.72783,0.79592,0.10654,0.10095,0.05958,0.03376,0.10605,0.06938
50,9,0.59046,0.93482,20.7611,-0.94751,0.80123,2.6657,100,-1.41572,0.87338,1.56558,-1.25683,7.66e-05,-0.07262,-6.44026,-0.003049,0.8923,-4.99626,-0.003045,0.47246,28.243,451.74,0.77702,0.7606,0.1718,0.14362,0.02593,0.07231,0.02525,0.02347
50,13,0.57069,0.93811,20.5199,-0.93723,0.77411,2.6657,0,0,1,1,-1.51524,-0.0001543,-0.00431,-7.61229,-0.0033172,1.14965,-4.44531,-0.003085,0.33415,28.243,451.74,0.78402,0.74167,0.16897,0.14805,0.01982,0.09357,0.02719,0.01672
51,1,0.57781,0.94216,13.4422,-0.64929,0.51825,5.2113,7.991,-0.9352,0.94035,1.37407,-1.11968,0.0005742,-0.17648,-1.35567,-0.0009235,-0.03724,-0.28617,-0.001442,-0.293,0.769,658.35,0.51814,0.76637,0.12418,0.11598,0.12504,0.08444,0.23264,0.03321
51,2,0.61862,0.94465,23.1808,-0.85514,0.74927,7.3114,100,-1.61927,0.97102,1.51792,-1.76353,-0.0001099,-0.08677,-1.95439,-0.0006137,-0.01845,-1.98823,-0.001572,-0.0519,0.525,643.08,0.70911,0.82549,0.10481,0.07519,0.0973,0.06993,0.08879,0.02939
51,3,0.3927,0.99712,1.35,-0.05725,0,1.2869,26.22,-1.78646,0.9987,1.1187,-1.15712,0.0007395,-0.17353,0.55727,0.0005295,-0.40518,-0.3311,-6.00E-05,-0.31275,7.785,423.8,0.4649,0.69305,0.09447,0.10413,0.29024,0.12993,0.1504,0.0729
51,6,0.58955,0.95501,2.4231,-0.52747,0.94556,2.0186,2.788,-2.1089,1.10794,1.20552,-1.11953,0.0032119,-0.25027,-0.6021,-0.0010206,-0.18196,-1.24696,-0.001997,-0.23045,1.681,199.54,0.56309,0.71948,0.11489,0.11772,0.2179,0.12207,0.10411,0.04073
51,8,0.61559,0.94009,15.2853,-0.72512,0.65647,5.6784,0,0,1,1,-1.53054,3.56e-05,-0.12161,-1.56293,-0.0005977,-0.06192,-1.32464,-0.001265,-0.15206,0.525,658.35,0.6373,0.80767,0.11204,0.0812,0.12008,0.07636,0.13058,0.03477
51,9,0.48697,0.9785,8.1968,-0.66801,0.73584,3.9778,26.623,-1.2398,0.95594,1.76882,-1.18636,-0.0006321,-0.0256,-3.08654,-0.0011771,0.26436,-2.11669,0.001172,-0.29504,0.661,802.9,0.6962,0.76815,0.20326,0.11895,0.05023,0.08001,0.05031,0.03289
51,10,0.74313,0.9229,24.7824,-0.77865,0.26881,2.9193,100,-1.01589,0.06729,1.90301,-1.72327,-0.0013644,0.02059,-3.44421,-0.0087834,0.60997,-2.33138,0.005521,-0.22353,20.684,154.95,0.69879,0.7068,0.12963,0.11336,0.13474,0.12788,0.03684,0.05196
51,13,0.45581,0.99176,9.1642,-0.66326,0.67493,4.4726,0,0,1,1,-1.15625,-0.0002116,-0.03829,-2.89288,-0.0008582,0.20776,-2.47012,-0.000122,-0.22451,0.661,625.99,0.69876,0.73672,0.20572,0.15864,0.05548,0.09107,0.04004,0.01357
52,1,0.57781,0.94216,13.4422,-0.64929,0.51825,5.2113,7.991,-0.9352,0.94035,1.37407,-1.11968,0.0005742,-0.17648,-1.35567,-0.0009235,-0.03724,-0.28617,-0.001442,-0.293,0.769,658.35,0.51814,0.76637,0.12418,0.11598,0.12504,0.08444,0.23264,0.03321
52,2,0.61862,0.94465,23.1808,-0.85514,0.74927,7.3114,100,-1.61927,0.97102,1.51792,-1.76353,-0.0001099,-0.08677,-1.95439,-0.0006137,-0.01845,-1.98823,-0.001572,-0.0519,0.525,643.08,0.70911,0.82549,0.10481,0.07519,0.0973,0.06993,0.08879,0.02939
52,3,0.3927,0.99712,1.35,-0.05725,0,1.2869,26.22,-1.78646,0.9987,1.1187,-1.15712,0.0007395,-0.17353,0.55727,0.0005295,-0.40518,-0.3311,-6.00E-05,-0.31275,7.785,423.8,0.4649,0.69305,0.09447,0.10413,0.29024,0.12993,0.1504,0.0729
52,6,0.58955,0.95501,2.4231,-0.52747,0.94556,2.0186,2.788,-2.1089,1.10794,1.20552,-1.11953,0.0032119,-0.25027,-0.6021,-0.0010206,-0.18196,-1.24696,-0.001997,-0.23045,1.681,199.54,0.56309,0.71948,0.11489,0.11772,0.2179,0.12207,0.10411,0.04073
52,8,0.61559,0.94009,15.2853,-0.72512,0.65647,5.6784,225.279,-1.91784,0.99107,1.52935,-1.53054,3.56e-05,-0.12161,-1.56293,-0.0005977,-0.06192,-1.32464,-0.001265,-0.15206,0.525,658.35,0.6373,0.80767,0.11204,0.0812,0.12008,0.07636,0.13058,0.03477
52,9,0.48697,0.9785,8.1968,-0.66801,0.73584,3.9778,26.623,-1.2398,0.95594,1.76882,-1.18636,-0.0006321,-0.0256,-3.08654,-0.0011771,0.26436,-2.11669,0.001172,-0.29504,0.661,802.9,0.6962,0.76815,0.20326,0.11895,0.05023,0.08001,0.05031,0.03289
52,10,0.74313,0.9229,24.7824,-0.77865,0.26881,2.9193,100,-1.01589,0.06729,1.90301,-1.72327,-0.0013644,0.02059,-3.44421,-0.0087834,0.60997,-2.33138,0.005521,-0.22353,20.684,154.95,0.69879,0.7068,0.12963,0.11336,0.13474,0.12788,0.03684,0.05196
52,13,0.45581,0.99176,9.1642,-0.66326,0.67493,4.4726,100,-1.01589,0.06729,1.90301,-1.15625,-0.0002116,-0.03829,-2.89288,-0.0008582,0.20776,-2.47012,-0.000122,-0.22451,0.661,625.99,0.69876,0.73672,0.20572,0.15864,0.05548,0.09107,0.04004,0.01357
53,1,0.93551,0.84904,2.4001,-0.26699,0.38542,2.364,0,0,1,1,-1.94516,-0.0006437,0.03199,-2.93312,-0.0024884,0.17137,-1.4187,-0.000116,-0.16655,0.211,509.04,0.71167,0.79989,0.10725,0.10062,0.05024,0.03497,0.13084,0.06453
53,2,1.21624,0.82326,100,-1.44257,0.90453,1.3544,0,0,1,1,3.06378,0.0063935,-1.239,-3.27015,-0.0043885,0.35719,-0.26989,0.002275,-0.55171,82.955,322.91,0.74043,0.7893,0.10507,0.10172,0.09675,0.05757,0.05775,0.05141
53,3,0.3927,0.99712,1.35,-0.05725,0,1.2869,0,0,1,1,-1.15712,0.0007395,-0.17353,0.55727,0.0005295,-0.40518,-0.3311,-6.00E-05,-0.31275,7.785,423.8,0.4649,0.69305,0.09447,0.10413,0.29024,0.12993,0.1504,0.0729
53,8,1.13011,0.81584,2.3558,-0.28689,0.45307,2.3673,0,0,1,1,-1.91865,-0.000266,-0.00174,-2.73571,-0.0025689,0.14149,-1.72988,6.3e-05,-0.11892,0.211,509.04,0.72783,0.79592,0.10654,0.10095,0.05958,0.03376,0.10605,0.06938
53,9,0.59046,0.93482,20.7611,-0.94751,0.80123,2.6657,0,0,1,1,-1.25683,7.66e-05,-0.07262,-6.44026,-0.003049,0.8923,-4.99626,-0.003045,0.47246,28.243,451.74,0.77702,0.7606,0.1718,0.14362,0.02593,0.07231,0.02525,0.02347
53,13,0.57069,0.93811,20.5199,-0.93723,0.77411,2.6657,0,0,1,1,-1.51524,-0.0001543,-0.00431,-7.61229,-0.0033172,1.14965,-4.44531,-0.003085,0.33415,28.243,451.74,0.78402,0.74167,0.16897,0.14805,0.01982,0.09357,0.02719,0.01672
54,1,0.54369,0.96564,15.8077,-0.99203,0.92474,4.2284,0,0,1,1,-1.55893,-0.0009666,-0.02244,-1.6301,-0.0030498,0.09569,-1.56487,-0.003042,0.00828,1.485,376.1,0.60751,0.76463,0.12237,0.09786,0.14169,0.08401,0.12844,0.0535
54,2,0.49354,0.99456,67.9141,-1.46963,1.15769,7.8539,0,0,1,1,-2.14536,-0.0016456,0.02522,-2.59471,-0.0039187,0.21292,-2.24457,-0.003092,0.01382,2.775,252.97,0.74346,0.81202,0.09121,0.07209,0.08498,0.07339,0.08036,0.0425
54,3,0.3927,0.99712,1.35,-0.05725,0,1.2869,0,0,1,1,-1.15712,0.0007395,-0.17353,0.55727,0.0005295,-0.40518,-0.3311,-6.00E-05,-0.31275,7.785,423.8,0.4649,0.69305,0.09447,0.10413,0.29024,0.12993,0.1504,0.0729
54,8,0.54972,0.9658,27.319,-1.11712,0.95472,5.6448,0,0,1,1,-1.92333,-0.0006819,0.01506,-2.19257,-0.0027955,0.17104,-2.03955,-0.002547,0.054,1.485,376.1,0.6913,0.76909,0.10379,0.0951,0.10581,0.08291,0.09911,0.05291
54,9,0.54466,0.98762,27.1652,-1.11062,0.9651,5.9898,0,0,1,1,-1.73362,-0.0024198,0.08342,-2.57591,-0.0055146,0.34739,-2.01728,-0.004183,-0.09656,1.811,203.62,0.68363,0.73495,0.1411,0.12384,0.10028,0.11631,0.07499,0.0249
54,13,0.60465,0.96891,42.5828,-1.08755,0.69053,4.8609,0,0,1,1,-2.20679,-0.0039694,0.21957,-2.98073,-0.0065755,0.41607,-3.02627,-0.005818,0.10072,14.101,203.62,0.70579,0.76535,0.14036,0.12126,0.11141,0.09395,0.04244,0.01944
58,1,0.89342,0.84625,7.778,-1.0055,0.9632,2.4178,0,0,1,1,-1.69756,-0.0004413,-0.01629,-1.11363,-0.0007713,-0.05521,-0.94761,-0.001812,-0.07405,0.24,147.47,0.54926,0.63105,0.0979,0.09977,0.16457,0.14012,0.18827,0.12906
58,8,0.89342,0.84625,7.778,-1.0055,0.9632,2.4178,0,0,1,1,-1.69756,-0.0004413,-0.01629,-1.11363,-0.0007713,-0.05521,-0.94761,-0.001812,-0.07405,0.24,247.27,0.54926,0.66031,0.0979,0.09908,0.16457,0.13203,0.18827,0.10858
58,13,0.59376,0.94695,11.7918,-1.40923,0.99677,2.1063,0,0,1,1,-1.23019,0.000212,-0.09046,-1.15099,-9.56E-05,-0.12399,-0.29255,0.000957,-0.59748,0.364,703.92,0.56129,0.74216,0.14092,0.13905,0.14417,0.09727,0.15362,0.02153
59,1,0.89342,0.84625,7.778,-1.0055,0.9632,2.4178,0,0,1,1,-1.69756,-0.0004413,-0.01629,-1.11363,-0.0007713,-0.05521,-0.94761,-0.001812,-0.07405,0.24,147.47,0.54926,0.63105,0.0979,0.09977,0.16457,0.14012,0.18827,0.12906
59,8,0.89342,0.84625,7.778,-1.0055,0.9632,2.4178,0,0,1,1,-1.69756,-0.0004413,-0.01629,-1.11363,-0.0007713,-0.05521,-0.94761,-0.001812,-0.07405,0.24,247.27,0.54926,0.66031,0.0979,0.09908,0.16457,0.13203,0.18827,0.10858
59,13,0.59376,0.94695,11.7918,-1.40923,0.99677,2.1063,0,0,1,1,-1.23019,0.000212,-0.09046,-1.15099,-9.56E-05,-0.12399,-0.29255,0.000957,-0.59748,0.364,703.92,0.56129,0.74216,0.14092,0.13905,0.14417,0.09727,0.15362,0.02153
